Station,Date,Hour,HlyAirTmpValue,HlyDewPntValue,HlyEtoValue,HlyNetRadValue,HlyAsceEtoValue,HlyPrecipValue,HlyRelHumValue,HlyResWindValue,HlySoilTmpValue,HlySolRadValue,HlyVapPresValue,HlyWindDirValue,HlyWindSpdValue,HlyAirTmpQc,HlyDewPntQc,HlyEtoQc,HlyNetRadQc,HlyAsceEtoQc,HlyPrecipQc,HlyRelHumQc,HlyResWindQc,HlySoilTmpQc,HlySolRadQc,HlyVapPresQc,HlyWindDirQc,HlyWindSpdQc
"47","2014-10-12","1000","25.5","2.1","0.59","286","0.62","0","22","6.7","18.5","547","0.7","342","6.9","Y","Y","Y"," "," "," ","Y"," "," "," "," "," "," "
"47","2014-10-12","1100","27.5","1.1","0.69","356","0.72","0","18","6.4","18.6","656","0.7","339","6.6"," "," "," "," "," "," "," "," "," "," "," "," "," "
"47","2014-10-12","1200","29.6","0.6","0.74","390","0.77","0","15","5.8","18.8","708","0.6","340","6","Y","Y","Y"," "," "," ","Y"," "," "," "," "," "," "
"47","2014-10-28","1000","18.7","7.2","0.28","239","0.3","0","47","1.4","15.4","476","1","3","1.7"," "," "," "," "," "," "," "," "," "," "," "," "," "
"47","2014-10-28","1100","20.3","7.4","0.36","306","0.37","0","43","1","15.6","573","1","348","1.6"," "," "," "," "," "," "," "," "," "," "," "," "," "
"47","2014-10-28","1200","21.5","6.8","0.42","337","0.42","0","39","1.5","15.9","620","1","326","2"," "," "," "," "," "," "," "," "," "," "," "," "," "
"47","2014-12-31","1000","8.5","-8.3","0.26","123","0.25","0","29","7.2","7","306","0.3","338","7.3"," "," "," "," "," "," "," "," "," "," "," "," "," "
"47","2014-12-31","1100","9.8","-8.4","0.33","194","0.3","0","27","6.8","7","419","0.3","340","6.9"," "," "," "," "," "," "," "," "," "," "," "," "," "
"47","2014-12-31","1200","11","-8.6","0.39","235","0.35","0","24","7.3","7","481","0.3","342","7.5"," "," "," "," "," "," "," "," "," "," "," "," "," "
"47","2015-03-05","1000",,,"0.21","276","0.21","0",,"2","10.7","508","1.8","348","2.2","S","S","A","T","T"," ","S"," "," "," ","Q"," "," "
"47","2015-03-05","1100","23.1","13.4","0.44","360","0.44","0","54","2","10.9","641","1.5","349","2.2","R","R","R","R","R"," ","R"," "," "," "," "," "," "
"47","2015-03-05","1200","23.9","12.5","0.49","412","0.49","0","49","1.3","11.3","722","1.4","13","1.6","Y","Y","Y"," "," "," ","Y"," "," "," "," "," "," "
"47","2015-03-21","1000","16.5","9","0.35","322","0.32","0","61","2.4","14.8","565","1.2","297","2.6"," "," "," "," "," "," "," "," "," "," "," "," "," "
"47","2015-03-21","1100","21.6","9.4","0.52","411","0.49","0","46","3.4","15.1","694","1.2","302","3.6"," "," "," "," "," "," "," "," "," "," "," "," "," "
"47","2015-03-21","1200","22.7","8.8","0.57","455","0.54","0","41","2.6","15.5","754","1.1","313","3.1"," "," "," "," "," "," "," "," "," "," "," "," "," "
"47","2015-04-22","1000",,,"0.44",,,"0",,"1.6","16.5","529","0","7","1.9","S","M","A","T","T"," ","M"," "," "," ","Q"," "," "
"47","2015-04-22","1100",,,"0.52",,,"0",,"1.1","16.8","746","0","298","2.1","S","M","A","T","T"," ","M"," "," "," ","Q"," "," "
"47","2015-04-22","1200",,,,,,,,,,,,,,"M","M","M","M","M","M","M","M","M","M","M","M","M"
"47","2015-05-08","1000",,,"0.52",,,"0",,"1.3","16","751","0","125","1.8","S","M","A","T","T"," ","M"," "," "," ","Q"," "," "
"47","2015-05-08","1100",,,"0.61",,,"0",,"0.6","16.4","860","0","122","1.8","S","M","A","T","T"," ","M"," "," "," ","Q"," "," "
"47","2015-05-08","1200",,,"0.66",,,"0",,"1","17","913","0","71","2","S","M","A","T","T"," ","M"," "," "," ","Q"," "," "
"47","2015-05-24","1000",,,"0.53","449","0.53","0",,"0.9","18.4","758","0.2","120","1.7","S","S","A","T","T"," ","S"," "," "," ","Q"," "," "
"47","2015-05-24","1100",,,"0.61",,,"0",,"1.6","18.7","861","0","91","2.1","S","M","A","T","T"," ","M"," "," "," ","Q"," "," "
"47","2015-05-24","1200",,,"0.67",,,"0",,"0.9","19.1","920","0","143","2","S","M","A","T","T"," ","M"," "," "," ","Q"," "," "
"47","2015-06-25","1000","29.2","16.3","0.62","468","0.6","0","46","2.2","22","746","1.8","336","2.4"," "," "," "," "," "," "," "," "," "," "," "," "," "
"47","2015-06-25","1100","30.6","15.5","0.75","545","0.71","0","40","2.8","22.3","860","1.8","340","3"," "," "," "," "," "," "," "," "," "," "," "," "," "
"47","2015-06-25","1200","27.8","13.6","0.76","583","0.71","0","42","2.6","22.8","914","1.6","342","2.8"," "," "," "," "," "," "," "," "," "," "," "," "," "
"47","2015-07-11","1000",,,"0.58",,,"0",,"0.7","21.3","736","0","328","1.5","S","M","A","T","T"," ","M"," "," "," ","Q"," "," "
"47","2015-07-11","1100",,,"0.69",,,"0",,"0.7","21.8","848","0","61","1.9","S","M","A","T","T"," ","M"," "," "," ","Q"," "," "
"47","2015-07-11","1200",,,"0.76",,,"0",,"1.4","22.4","907","0","80","2","S","M","A","T","T"," ","M"," "," "," ","Q"," "," "
"47","2015-07-27","1000","26.3","13","0.62","453","0.59","0","44","3.7","21.8","739","1.5","340","3.9"," "," "," "," "," "," "," "," "," "," "," "," "," "
"47","2015-07-27","1100","28.2","13","0.73","532","0.69","0","39","3.3","22.1","859","1.5","331","3.4"," "," "," "," "," "," "," "," "," "," "," "," "," "
"47","2015-07-27","1200","29.8","12.9","0.79","570","0.76","0","35","3","22.6","928","1.5","322","3.1"," "," "," "," "," "," "," "," "," "," "," "," "," "
"47","2015-08-12","1000","25","12.6","0.52","425","0.5","0","46","0.9","21.3","700","1.5","64","1.7"," "," "," "," "," "," "," "," "," "," "," "," "," "
"47","2015-08-12","1100","26.8","13.3","0.67","508","0.63","0","43","2.5","21.7","819","1.5","3","3"," "," "," "," "," "," "," "," "," "," "," "," "," "
"47","2015-08-12","1200","27.6","13","0.77","554","0.72","0","41","4.1","22.4","886","1.5","357","4.4"," "," "," "," "," "," "," "," "," "," "," "," "," "
"47","2015-09-29","1000","19.5","11.5","0.25","220","0.27","0","60","0.8","18.6","414","1.4","1","1.3"," "," "," "," "," "," "," "," "," "," "," "," "," "
"47","2015-09-29","1100","21.2","10.8","0.31","261","0.33","0","52","0.9","18.8","476","1.3","44","1.4"," "," "," "," "," "," "," "," "," "," "," "," "," "
"47","2015-09-29","1200","23.2","10.1","0.31","246","0.34","0","43","0.4","19.1","457","1.2","15","1.3"," "," "," "," "," "," "," "," "," "," "," "," "," "
"155","2014-10-12","1000","23.6","2.6",,,,"0","25","2.3","22.9","535","0.7","336","2.4"," "," ","N","N","N"," "," "," "," "," "," "," "," "
"155","2014-10-12","1100","25.7","1.2",,,,"0","20","2.2","23.6","642","0.7","335","2.3"," "," ","N","N","N"," "," "," "," "," "," "," "," "
"155","2014-10-12","1200","27.4","0.9",,,,"0","18","2.3","24.2","693","0.7","321","2.6"," "," ","N","N","N"," "," "," "," "," "," "," "," "
"155","2014-10-28","1000","14.2","7.9",,,,"0","66","0.4","14.8","438","1.1","336","0.4"," "," ","N","N","N"," "," "," "," "," "," "," "," "
"155","2014-10-28","1100","17","8.5",,,,"0","58","0.5","16","540","1.1","321","0.5"," "," ","N","N","N"," "," "," "," "," "," "," "," "
"155","2014-10-28","1200","19.4","6.9",,,,"0","44","0.6","17.6","592","1","306","0.7"," "," ","N","N","N"," "," "," "," "," "," "," "," "
"155","2014-12-31","1000","4.4","-7.6",,,,"0","41","2.7","3.6","271","0.3","325","2.9"," "," ","N","N","N"," "," "," "," "," "," "," "," "
"155","2014-12-31","1100","6.2","-7.7",,,,"0","36","3.5","4.3","389","0.3","338","3.7"," "," ","N","N","N"," "," "," "," "," "," "," "," "
"155","2014-12-31","1200","7.9","-7.6",,,,"0","33","3.6","5.3","454","0.3","338","3.7"," "," ","N","N","N"," "," "," "," "," "," "," "," "
"155","2015-03-05","1000","11.3","6.4",,,,"0","72","1.7","11.8","483","1","330","1.8"," "," ","N","N","N"," "," "," "," "," "," "," "," "
"155","2015-03-05","1100","13.9","6.5",,,,"0","61","1.6","12.9","621","1","332","1.7"," "," ","N","N","N"," "," "," "," "," "," "," "," "
"155","2015-03-05","1200","16.1","5.8",,,,"0","51","1.8","13.8","704","0.9","330","1.9"," "," ","N","N","N"," "," "," "," "," "," "," "," "
"155","2015-03-21","1000","17.1","10.5",,,,"0","65","0.5","17.7","499","1.3","215","0.8"," "," ","N","N","N"," "," "," "," "," "," "," "," "
"155","2015-03-21","1100","18.7","10.7",,,,"0","60","0.7","18.9","626","1.3","287","0.9"," "," ","N","N","N"," "," "," "," "," "," "," "," "
"155","2015-03-21","1200","20.6","10.2",,,,"0","51","0.7","19.6","759","1.2","290","0.9"," "," ","N","N","N"," "," "," "," "," "," "," "," "
"155","2015-04-22","1000","14.7","10.6",,,,"0","77","0.7","20.5","611","1.3","293","0.9"," "," ","N","N","N"," "," "," "," "," "," "," "," "
"155","2015-04-22","1100","16.8","11",,,,"0","69","0.6","21.6","795","1.3","289","1"," "," ","N","N","N"," "," "," "," "," "," "," "," "
"155","2015-04-22","1200","19.1","11.3",,,,"0","61","0.3","22.5","866","1.3","276","0.9"," "," ","N","N","N"," "," "," "," "," "," "," "," "
"155","2015-05-08","1000","16.5","7.5",,,,"0","55","1.2","21.7","752","1","156","1.6"," "," ","N","N","N"," "," "," "," "," "," "," "," "
"155","2015-05-08","1100","18","7.5",,,,"0","50","1","22.9","877","1","149","1.5"," "," ","N","N","N"," "," "," "," "," "," "," "," "
"155","2015-05-08","1200","19.3","7.3",,,,"0","46","1","23.6","925","1","114","1.5"," "," ","N","N","N"," "," "," "," "," "," "," "," "
"155","2015-05-24","1000","21.3","12.4",,,,"0","57","0.6","24.8","751","1.4","149","1"," "," ","N","N","N"," "," "," "," "," "," "," "," "
"155","2015-05-24","1100","23.5","12.9",,,,"0","51","0.7","26.2","862","1.5","147","1.3"," "," ","N","N","N"," "," "," "," "," "," "," "," "
"155","2015-05-24","1200","24.8","12.6",,,,"0","46","1","26.8","923","1.5","172","1.3"," "," ","N","N","N"," "," "," "," "," "," "," "," "
"155","2015-06-25","1000","27.8","14.9",,,,"0","45","0.6","31.9","733","1.7","309","0.7"," "," ","N","N","N"," "," "," ","Y"," "," "," "," "
"155","2015-06-25","1100","30.7","15.4",,,,"0","40","0.6","32.9","848","1.7","277","0.7"," "," ","N","N","N"," "," "," ","Y"," "," "," "," "
"155","2015-06-25","1200","32.8","16",,,,"0","37","0.6","33.6","914","1.8","308","0.7"," "," ","N","N","N"," "," "," ","Y"," "," "," "," "
"155","2015-07-11","1000","22.8","13.7",,,,"0","57","0.8","27.7","731","1.6","170","1.3"," "," ","N","N","N"," "," "," "," "," "," "," "," "
"155","2015-07-11","1100","24.7","13",,,,"0","48","0.9","28.6","846","1.5","179","1.3"," "," ","N","N","N"," "," "," "," "," "," "," "," "
"155","2015-07-11","1200","26.6","12.6",,,,"0","42","0.9","29.3","907","1.5","177","1.3"," "," ","N","N","N"," "," "," "," "," "," "," "," "
"155","2015-07-27","1000","25","12.7",,,,"0","46","1","29.8","731","1.5","320","1.1"," "," ","N","N","N"," "," "," "," "," "," "," "," "
"155","2015-07-27","1100","27.2","12.4",,,,"0","40","1.1","31.1","848","1.4","320","1.2"," "," ","N","N","N"," "," "," "," "," "," "," "," "
"155","2015-07-27","1200","29","11.9",,,,"0","35","1.6","31.8","916","1.4","306","1.7"," "," ","N","N","N"," "," "," "," "," "," "," "," "
"155","2015-08-12","1000","23.3","11.8",,,,"0","48","0.9","28.2","700","1.4","122","1.3"," "," ","N","N","N"," "," "," "," "," "," "," "," "
"155","2015-08-12","1100","26","10.8",,,,"0","38","0.4","29.6","816","1.3","164","0.9"," "," ","N","N","N"," "," "," "," "," "," "," "," "
"155","2015-08-12","1200","28.2","10.1",,,,"0","32","0.4","30.3","885","1.2","232","1"," "," ","N","N","N"," "," "," "," "," "," "," "," "
"155","2015-09-29","1000","17.4","9.3",,,,"0","59","1.7","22.7","449","1.2","174","2"," "," ","N","N","N"," "," "," "," "," "," "," "," "
"155","2015-09-29","1100","19.7","9.2",,,,"0","51","1.6","23.3","632","1.2","175","1.9"," "," ","N","N","N"," "," "," "," "," "," "," "," "
"155","2015-09-29","1200","22.7","8",,,,"0","39","1.4","23.8","749","1.1","155","1.8"," "," ","N","N","N"," "," "," "," "," "," "," "," "
"170","2014-10-12","1000",,,"0.29",,,"0",,"1.1","16.9","564",,"238","1.3","S","M","A","Q","N"," ","M"," "," "," ","S"," "," "
"170","2014-10-12","1100",,,"0.38",,,"0",,"0.9","16.9","685",,"268","1.2","S","M","A","Q","N"," ","M"," "," "," ","S"," "," "
"170","2014-10-12","1200",,,"0.43","347","0.43","0",,"0.5","16.9","741","0.1","348","1.6","S","S","A","T","T"," ","S"," "," "," ","Q"," "," "
"170","2014-10-28","1000","16.2","9","0.24","237","0.25","0","63","0.4","14.7","468","1.1","182","1"," "," "," "," "," "," "," "," "," "," "," "," "," "
"170","2014-10-28","1100","19.6","9.2","0.34","308","0.35","0","51","0.4","14.6","577","1.2","244","1"," "," "," "," "," "," "," "," "," "," "," "," "," "
"170","2014-10-28","1200","21.2","7","0.4","341","0.41","0","40","0.6","14.7","632","1","326","1.4"," "," "," "," "," "," "," "," "," "," "," "," "," "
"170","2014-12-31","1000","6","-7.9","0.11","123","0.13","0","36","0.7","8.1","308","0.3","182","1"," "," "," "," "," "," "," "," "," "," "," "," "," "
"170","2014-12-31","1100","8.9","-9.3","0.19","193","0.21","0","27","0.7","8","429","0.3","121","1.3"," "," "," "," "," "," "," "," "," "," "," "," "," "
"170","2014-12-31","1200","10.8","-10","0.24","228","0.26","0","22","1.1","8","497","0.3","14","1.6"," "," "," "," "," "," "," "," "," "," "," "," "," "
"170","2015-03-05","1000","20.3","13.5","0.31","273","0.32","0","65","1","10.2","521","1.5","136","1.4","Y","Y","Y"," "," "," ","Y"," "," "," "," "," "," "
"170","2015-03-05","1100","23","14.9","0.41","354","0.43","0","60","0.4","10.2","663","1.7","53","1.4","Y","Y","Y"," "," "," ","Y"," "," "," "," "," "," "
"170","2015-03-05","1200","25.1","16.5","0.5","419","0.51","0","59","0.4","10.2","749","1.9","48","1.6","Y","Y","Y"," "," "," ","Y"," "," "," "," "," "," "
"170","2015-03-21","1000","16.4","12.2","0.33","325","0.3","0","76","1.8","13.7","568","1.4","289","2"," "," "," "," "," "," "," "," "," "," "," "," "," "
"170","2015-03-21","1100","18.1","12.8","0.44","423","0.41","0","71","1.8","13.7","716","1.5","307","2.1"," "," "," "," "," "," "," "," "," "," "," "," "," "
"170","2015-03-21","1200","19.3","11.9","0.51","469","0.47","0","62","2","13.8","775","1.4","308","2.2"," "," "," "," "," "," "," "," "," "," "," "," "," "
"170","2015-04-22","1000","15.6","10.7","0.34","347","0.32","0","73","0.8","16","577","1.3","319","1.2"," "," "," "," "," "," "," "," "," "," "," "," "," "
"170","2015-04-22","1100","17.4","11.4","0.51","504","0.48","0","68","0.6","16.1","849","1.3","258","1.4"," "," "," "," "," "," "," "," "," "," "," "," "," "
"170","2015-04-22","1200","19.3","11.7","0.58","547","0.55","0","61","1","16.1","908","1.4","210","1.5"," "," "," "," "," "," "," "," "," "," "," "," "," "
"170","2015-05-08","1000","17.2","8.6","0.46","451","0.45","0","57","0.5","15.8","776","1.1","202","1.3"," "," "," "," "," "," "," "," "," "," "," "," "," "
"170","2015-05-08","1100","18.8","8.4","0.56","534","0.54","0","51","0.5","15.9","891","1.1","292","1.3"," "," "," "," "," "," "," "," "," "," "," "," "," "
"170","2015-05-08","1200","20.1","9.1","0.63","577","0.59","0","49","0.9","15.9","950","1.2","276","1.5"," "," "," "," "," "," "," "," "," "," "," "," "," "
"170","2015-05-24","1000","17.6","11.6","0.51","482","0.44","0","68","2.5","16.8","789","1.4","209","2.9"," "," "," "," "," "," "," "," "," "," "," "," "," "
"170","2015-05-24","1100","18.5","11.8","0.59","548","0.51","0","65","2.7","16.8","900","1.4","215","3.1"," "," "," "," "," "," "," "," "," "," "," "," "," "
"170","2015-05-24","1200","19.3","11.9","0.64","590","0.56","0","62","2.7","16.9","958","1.4","223","3.2"," "," "," "," "," "," "," "," "," "," "," "," "," "
"170","2015-06-25","1000","25.8","15.1","0.59","482","0.56","0","52","1.6","20.1","777","1.7","295","1.9"," "," "," "," "," "," "," "," "," "," "," "," "," "
"170","2015-06-25","1100","27.8","14.4","0.7","553","0.67","0","44","2.1","20.1","889","1.6","320","2.3"," "," "," "," "," "," "," "," "," "," "," "," "," "
"170","2015-06-25","1200","29.1","14","0.77","579","0.75","0","40","2.5","20.2","949","1.6","318","2.7"," "," "," "," "," "," "," "," "," "," "," "," "," "
"170","2015-07-11","1000","21.4","14.1","0.54","473","0.48","0","63","2.2","19.4","765","1.6","287","2.5"," "," "," "," "," "," "," "," "," "," "," "," "," "
"170","2015-07-11","1100","22.5","13.9","0.63","546","0.58","0","58","2","19.4","880","1.6","277","2.5"," "," "," "," "," "," "," "," "," "," "," "," "," "
"170","2015-07-11","1200","24","13.9","0.69","577","0.64","0","53","2.6","19.4","941","1.6","303","2.9"," "," "," "," "," "," "," "," "," "," "," "," "," "
"170","2015-07-27","1000","25.8","12","0.54","441","0.54","0","42","0.8","20.5","762","1.4","260","1.3"," "," "," "," "," "," "," "," "," "," "," "," "," "
"170","2015-07-27","1100","28.8","11.1","0.67","526","0.67","0","33","0.5","20.5","883","1.3","344","1.6"," "," "," "," "," "," "," "," "," "," "," "," "," "
"170","2015-07-27","1200","30","11.5","0.75","574","0.75","0","32","1.4","20.5","950","1.4","308","1.9"," "," "," "," "," "," "," "," "," "," "," "," "," "
"170","2015-08-12","1000","21.1","14.8","0.48","426","0.46","0","67","2.3","19.8","736","1.7","329","2.5"," "," "," "," "," "," "," "," "," "," "," "," "," "
"170","2015-08-12","1100","23.7","13.8","0.62","512","0.58","0","54","2.4","19.8","858","1.6","299","2.8"," "," "," "," "," "," "," "," "," "," "," "," "," "
"170","2015-08-12","1200","25.6","12.3","0.7","561","0.67","0","44","2.3","19.8","929","1.4","294","2.7"," "," "," "," "," "," "," "," "," "," "," "," "," "
"170","2015-09-29","1000","18","12.2","0.34","303","0.32","0","69","2.7","17.9","542","1.4","289","3"," "," "," "," "," "," "," "," "," "," "," "," "," "
"170","2015-09-29","1100","19.9","12.2","0.46","408","0.44","0","61","1.7","17.9","714","1.4","256","2.3"," "," "," "," "," "," "," "," "," "," "," "," "," "
"170","2015-09-29","1200","21.6","12.2","0.51","440","0.51","0","55","1.4","17.9","787","1.4","300","2.1"," "," "," "," "," "," "," "," "," "," "," "," "," "
"6","2014-10-12","1000","25.2","0.3","0.68","275","0.7","0","19","9.2","19.3","566","0.6","350","9.3"," "," "," "," "," "," "," "," "," "," "," "," "," "
"6","2014-10-12","1100","27.3","-0.8","0.76","331","0.8","0","16","8.5","19.2","676","0.6","351","8.7"," "," "," "," "," "," "," "," "," "," "," "," "," "
"6","2014-10-12","1200","29.4","-3.2","0.84","359","0.89","0","12","8.5","19.3","723","0.5","344","8.6"," "," "," "," "," "," "," "," "," "," "," "," "," "
"6","2014-10-28","1000","16.3","6.7","0.28","234","0.29","0","53","2.8","15.7","471","1","14","2.9"," "," "," "," "," "," "," "," "," "," "," "," "," "
"6","2014-10-28","1100","18","7.2","0.34","302","0.34","0","49","1.4","15.7","571","1","14","1.7"," "," "," "," "," "," "," "," "," "," "," "," "," "
"6","2014-10-28","1200","20.5","6.7","0.39","330","0.39","0","41","1","15.8","610","1","344","1.5"," "," "," "," "," "," "," "," "," "," "," "," "," "
"6","2014-12-31","1000","6.3","-9.3","0.25","119","0.23","0","32","8.1","9","311","0.3","340","8.2"," "," "," "," "," "," "," "," "," "," "," "," "," "
"6","2014-12-31","1100","7.9","-8.8","0.31","187","0.28","0","29","7.5","9","427","0.3","342","7.6"," "," "," "," "," "," "," "," "," "," "," "," "," "
"6","2014-12-31","1200","9.2","-9","0.38","225","0.33","0","27","8.4","8.9","489","0.3","343","8.6"," "," "," "," "," "," "," "," "," "," "," "," "," "
"6","2015-03-05","1000","12.7","5.6","0.27","253","0.27","0","62","3.2","10.8","532","0.9","2","3.3"," "," "," "," "," "," "," "," "," "," "," "," "," "
"6","2015-03-05","1100","15.2","5.5","0.38","351","0.37","0","52","2.9","10.8","671","0.9","357","3"," "," "," "," "," "," "," "," "," "," "," "," "," "
"6","2015-03-05","1200","17","5.5","0.45","407","0.44","0","47","2.6","10.8","748","0.9","358","2.7"," "," "," "," "," "," "," "," "," "," "," "," "," "
"6","2015-03-21","1000","18.4","10.9","0.35","318","0.34","0","62","1.6","13.8","559","1.3","332","2.1"," "," "," "," "," "," "," "," "," "," "," "," "," "
"6","2015-03-21","1100","19.8","10.5","0.47","408","0.46","0","55","2.5","13.8","732","1.3","351","2.6"," "," "," "," "," "," "," "," "," "," "," "," "," "
"6","2015-03-21","1200","21.1","10","0.53","458","0.52","0","49","1.4","13.9","801","1.2","342","2"," "," "," "," "," "," "," "," "," "," "," "," "," "
"6","2015-04-22","1000","16.1","11.2","0.4","407","0.37","0","73","1","15.5","670","1.3","354","1.7"," "," "," "," "," "," "," "," "," "," "," "," "," "
"6","2015-04-22","1100","18.1","11.5","0.49","472","0.45","0","65","0.8","15.5","760","1.4","227","1.5"," "," "," "," "," "," "," "," "," "," "," "," "," "
"6","2015-04-22","1200","20.1","12.2","0.59","546","0.54","0","61","1.3","15.5","873","1.4","231","2.1"," "," "," "," "," "," "," "," "," "," "," "," "," "
"6","2015-05-08","1000","15.7","9.2","0.47","456","0.41","0","65","3.1","16.2","781","1.2","167","3.4"," "," "," "," "," "," "," "," "," "," "," "," "," "
"6","2015-05-08","1100","17.3","8.9","0.58","531","0.49","0","58","3.2","16.2","850","1.1","180","3.5"," "," "," "," "," "," "," "," "," "," "," "," "," "
"6","2015-05-08","1200","18.9","8.5","0.63","567","0.57","0","51","2.6","16.2","937","1.1","171","3.1"," "," "," "," "," "," "," "," "," "," "," "," "," "
"6","2015-05-24","1000","22.2","13.1","0.53","477","0.5","0","57","0.5","17.7","769","1.5","160","1.3"," "," "," "," "," "," "," "," "," "," "," "," "," "
"6","2015-05-24","1100","23.2","13.1","0.67","546","0.61","0","53","3.2","17.7","900","1.5","181","3.6"," "," "," "," "," "," "," "," "," "," "," "," "," "
"6","2015-05-24","1200","23.8","12.3","0.74","584","0.67","0","49","4","17.7","955","1.4","180","4.2"," "," "," "," "," "," "," "," "," "," "," "," "," "
"6","2015-06-25","1000","27.7","14.9","0.61","482","0.59","0","46","1.5","21.3","787","1.7","177","2"," "," "," "," "," "," "," "," "," "," "," "," "," "
"6","2015-06-25","1100","30.1","15.3","0.7","541","0.69","0","41","0.9","21.3","894","1.7","217","1.6"," "," "," "," "," "," "," "," "," "," "," "," "," "
"6","2015-06-25","1200","32.3","15.4","0.76","580","0.76","0","36","1.1","21.3","950","1.7","221","1.6"," "," "," "," "," "," "," "," "," "," "," "," "," "
"6","2015-07-11","1000","23","15.1","0.53","462","0.49","0","61","1","21.2","740","1.7","166","1.6"," "," "," "," "," "," "," "," "," "," "," "," "," "
"6","2015-07-11","1100","24.5","15.1","0.65","547","0.6","0","56","1.3","21.2","873","1.7","158","2"," "," "," "," "," "," "," "," "," "," "," "," "," "
"6","2015-07-11","1200","26.1","14","0.73","576","0.69","0","47","2.4","21.3","942","1.6","178","3"," "," "," "," "," "," "," "," "," "," "," "," "," "
"6","2015-07-27","1000","26.3","11.2","0.67","447","0.65","0","39","5.2","22.3","773","1.3","359","5.3"," "," "," "," "," "," "," "," "," "," "," "," "," "
"6","2015-07-27","1100","28.3","11.6","0.79","532","0.76","0","36","5.1","22.2","890","1.4","351","5.2"," "," "," "," "," "," "," "," "," "," "," "," "," "
"6","2015-07-27","1200","30","11.4","0.87","576","0.84","0","32","4.7","22.2","953","1.3","341","4.9"," "," "," "," "," "," "," "," "," "," "," "," "," "
"6","2015-08-12","1000","24.8","10.7","0.52","427","0.51","0","41","0.8","22.5","734","1.3","197","1.5"," "," "," "," "," "," "," "," "," "," "," "," "," "
"6","2015-08-12","1100","26.3","10.8","0.64","503","0.64","0","38","1.9","22.5","855","1.3","180","2.3"," "," "," "," "," "," "," "," "," "," "," "," "," "
"6","2015-08-12","1200","27.7","9.1","0.7","546","0.69","0","31","1.3","22.6","919","1.2","163","1.9"," "," "," "," "," "," "," "," "," "," "," "," "," "
"6","2015-09-29","1000","18.7","8.3","0.37","312","0.36","0","51","2.3","20.2","565","1.1","179","2.5"," "," "," "," "," "," "," "," "," "," "," "," "," "
"6","2015-09-29","1100","21","6.2","0.46","380","0.45","0","38","1.8","20.2","664","0.9","170","2.1"," "," "," "," "," "," "," "," "," "," "," "," "," "
"6","2015-09-29","1200","23.7","4.9","0.53","419","0.52","0","30","1.5","20.2","724","0.9","154","2"," "," "," "," "," "," "," "," "," "," "," "," "," "
"121","2014-10-12","1000","25.8","-0.2","0.76","281","0.75","0","18","10.6","20.3","552","0.6","341","10.8","Y","Y","Y"," "," "," ","Y"," "," "," "," "," "," "
"121","2014-10-12","1100","27.8","-1.5","0.88","347","0.87","0","15","10.6","20.2","663","0.5","336","10.7","Y","Y","Y"," "," "," ","Y"," "," "," "," "," "," "
"121","2014-10-12","1200","29.9","-2.8","0.93","375","0.95","0","12","10.1","20.2","714","0.5","336","10.2","Y","Y","Y"," "," "," ","Y"," "," "," "," "," "," "
"121","2014-10-28","1000","17.2","6.3","0.29","233","0.3","0","49","2.9","17.2","468","1","351","3"," "," "," "," "," "," "," "," "," "," "," "," "," "
"121","2014-10-28","1100","18.8","7","0.36","300","0.36","0","46","2","17.2","566","1","346","2.2"," "," "," "," "," "," "," "," "," "," "," "," "," "
"121","2014-10-28","1200","20.8","6.8","0.39","332","0.4","0","40","1.2","17.2","614","1","329","1.5"," "," "," "," "," "," "," "," "," "," "," "," "," "
"121","2014-12-31","1000","6.8","-10.2","0.29","118","0.25","0","29","9.5","8.9","303","0.3","334","9.6"," "," "," "," "," "," "," "," "," "," "," "," "," "
"121","2014-12-31","1100","8.5","-10.1","0.38","188","0.31","0","26","9.9","8.9","416","0.3","340","10"," "," "," "," "," "," "," "," "," "," "," "," "," "
"121","2014-12-31","1200","10.1","-10","0.43","229","0.36","0","23","9.4","8.8","479","0.3","336","9.5"," "," "," "," "," "," "," "," "," "," "," "," "," "
"121","2015-03-05","1000","12.7","6.5","0.28","267","0.26","0","66","3.3","11.1","525","1","353","3.4"," "," "," "," "," "," "," "," "," "," "," "," "," "
"121","2015-03-05","1100","15.1","6","0.38","345","0.37","0","54","3.2","11.1","661","0.9","353","3.4"," "," "," "," "," "," "," "," "," "," "," "," "," "
"121","2015-03-05","1200","17.1","5.3","0.46","402","0.44","0","46","2.9","11.1","741","0.9","2","3.1"," "," "," "," "," "," "," "," "," "," "," "," "," "
"121","2015-03-21","1000","18.1","12.2","0.35","327","0.33","0","69","2","14.7","573","1.4","228","2.2"," "," "," "," "," "," "," "," "," "," "," "," "," "
"121","2015-03-21","1100","20.6","11.2","0.46","418","0.45","0","55","0.7","14.7","719","1.3","112","1.5"," "," "," "," "," "," "," "," "," "," "," "," "," "
"121","2015-03-21","1200","21.7","10.3","0.52","460","0.5","0","48","0.3","14.8","765","1.2","264","1.3"," "," "," "," "," "," "," "," "," "," "," "," "," "
"121","2015-04-22","1000","15.8","11.8","0.4","417","0.37","0","77","0.5","17.9","685","1.4","302","1.2"," "," "," "," "," "," "," "," "," "," "," "," "," "
"121","2015-04-22","1100","17.6","12.3","0.49","492","0.45","0","71","0.9","17.9","791","1.4","220","1.4"," "," "," "," "," "," "," "," "," "," "," "," "," "
"121","2015-04-22","1200","19.5","13.1","0.58","551","0.53","0","67","1.7","17.9","883","1.5","207","2"," "," "," "," "," "," "," "," "," "," "," "," "," "
"121","2015-05-08","1000","16","10.4","0.47","461","0.4","0","69","2.6","18.5","751","1.3","179","2.8"," "," "," "," "," "," "," "," "," "," "," "," "," "
"121","2015-05-08","1100","17.2","10.4","0.49","461","0.42","0","64","2.6","18.5","735","1.3","184","2.8"," "," "," "," "," "," "," "," "," "," "," "," "," "
"121","2015-05-08","1200","19","10.2","0.62","575","0.55","0","57","2.4","18.6","916","1.2","155","2.7"," "," "," "," "," "," "," "," "," "," "," "," "," "
"121","2015-05-24","1000","19.7","13.7","0.54","482","0.45","0","68","4","20.1","776","1.6","213","4.1"," "," "," "," "," "," "," "," "," "," "," "," "," "
"121","2015-05-24","1100","20.7","13.7","0.64","554","0.53","0","64","4.6","20.1","882","1.6","209","4.8"," "," "," "," "," "," "," "," "," "," "," "," "," "
"121","2015-05-24","1200","21.8","13.8","0.71","591","0.59","0","61","5.1","20.2","935","1.6","211","5.2"," "," "," "," "," "," "," "," "," "," "," "," "," "
"121","2015-06-25","1000","27","15","0.58","478","0.56","0","48","1","22.7","767","1.7","71","1.3"," "," "," "," "," "," "," "," "," "," "," "," "," "
"121","2015-06-25","1100","29.6","15.6","0.69","551","0.66","0","43","0.9","22.7","874","1.8","61","1.3"," "," "," "," "," "," "," "," "," "," "," "," "," "
"121","2015-06-25","1200","31.8","15.6","0.75","590","0.72","0","38","0.3","22.7","931","1.8","160","0.9"," "," "," "," "," "," "," "," "," "," "," "," "," "
"121","2015-07-11","1000","22.4","15.3","0.57","472","0.49","0","64","4","22.3","758","1.7","214","4.2"," "," "," "," "," "," "," "," "," "," "," "," "," "
"121","2015-07-11","1100","24.1","15.3","0.67","545","0.59","0","58","3.6","22.3","863","1.7","199","3.7"," "," "," "," "," "," "," "," "," "," "," "," "," "
"121","2015-07-11","1200","25.1","15","0.75","586","0.66","0","53","4.2","22.3","922","1.7","200","4.3"," "," "," "," "," "," "," "," "," "," "," "," "," "
"121","2015-07-27","1000","26.5","11.4","0.68","450","0.64","0","39","5.5","22.7","738","1.4","354","5.5"," "," "," "," "," "," "," "," "," "," "," "," "," "
"121","2015-07-27","1100","28.3","11.3","0.79","527","0.74","0","35","4.9","22.7","852","1.3","352","5.1"," "," "," "," "," "," "," "," "," "," "," "," "," "
"121","2015-07-27","1200","30.2","10.9","0.85","569","0.82","0","31","4.6","22.7","912","1.3","344","4.7"," "," "," "," "," "," "," "," "," "," "," "," "," "
"121","2015-08-12","1000","23.3","12.3","0.5","422","0.48","0","50","1.6","22","694","1.4","197","1.8"," "," "," "," "," "," "," "," "," "," "," "," "," "
"121","2015-08-12","1100","25.2","12.5","0.64","501","0.6","0","45","3.1","22","807","1.5","194","3.2"," "," "," "," "," "," "," "," "," "," "," "," "," "
"121","2015-08-12","1200","26.8","12.6","0.72","545","0.67","0","41","3.3","22","869","1.5","193","3.5"," "," "," "," "," "," "," "," "," "," "," "," "," "
"121","2015-09-29","1000","17.2","10.4","0.36","300","0.32","0","64","4.9","21","540","1.3","210","5"," "," "," "," "," "," "," "," "," "," "," "," "," "
"121","2015-09-29","1100","19.8","10.2","0.49","390","0.46","0","54","4.4","21","722","1.2","212","4.5"," "," "," "," "," "," "," "," "," "," "," "," "," "
"121","2015-09-29","1200","21.7","10.5","0.56","435","0.51","0","49","4.1","20.9","746","1.3","204","4.1"," "," "," "," "," "," "," "," "," "," "," "," "," "
"196","2014-10-12","1000","26.3","-0.8","0.52","275","0.57","0","17","4.3","21.3","553","0.6","341","4.7"," "," "," "," "," "," "," "," ","Y"," "," "," "," "
"196","2014-10-12","1100","27.8","-1.3","0.61","340","0.67","0","15","4.5","21.2","661","0.6","341","4.8"," "," "," "," "," "," "," "," ","Y"," "," "," "," "
"196","2014-10-12","1200","29.4","-3.4","0.65","353","0.73","0","12","4.4","21.1","717","0.5","340","4.7"," "," "," "," "," "," "," "," ","Y"," "," "," "," "
"196","2014-10-28","1000","19.2","5.3","0.27","228","0.29","0","40","1.1","17.2","464","0.9","3","1.2"," "," "," "," "," "," "," "," "," "," "," "," "," "
"196","2014-10-28","1100","21.5","4.9","0.35","296","0.37","0","34","0.6","17.1","568","0.9","31","1.1"," "," "," "," "," "," "," "," "," "," "," "," "," "
"196","2014-10-28","1200","23","5.1","0.4","328","0.42","0","31","0.4","17.1","614","0.9","164","1.3"," "," "," "," "," "," "," "," "," "," "," "," "," "
"196","2014-12-31","1000","8.4","-12.4","0.23","110","0.25","0","21","5.5","9.3","293","0.2","351","5.7"," "," "," "," "," "," "," "," "," "," "," "," "," "
"196","2014-12-31","1100","9.7","-12","0.3","181","0.3","0","20","5.4","9.2","406","0.2","349","5.6"," "," "," "," "," "," "," "," "," "," "," "," "," "
"196","2014-12-31","1200","11.3","-11.9","0.35","222","0.34","0","18","5.3","9.1","471","0.2","350","5.5"," "," "," "," "," "," "," "," "," "," "," "," "," "
"196","2015-03-05","1000","14.9","5","0.25","255","0.26","0","52","0.4","12.6","488","0.9","341","0.4"," "," "," "," "," "," "," "," "," "," "," "," "," "
"196","2015-03-05","1100","17.2","4.1","0.35","344","0.35","0","42","0.4","12.6","624","0.8","2","0.5"," "," "," "," "," "," "," "," "," "," "," "," "," "
"196","2015-03-05","1200","18.8","4.7","0.42","398","0.41","0","39","0.4","12.5","705","0.9","355","0.5"," "," "," "," "," "," "," "," "," "," "," "," "," "
"196","2015-03-21","1000","19.3","10.9","0.32","302","0.32","0","58","0.5","16.2","533","1.3","23","0.5"," "," "," "," "," "," "," "," "," "," "," "," "," "
"196","2015-03-21","1100","21.1","11","0.44","410","0.43","0","53","0.4","16.1","698","1.3","19","0.4"," "," "," "," "," "," "," "," "," "," "," "," "," "
"196","2015-03-21","1200","22.7","9.7","0.51","459","0.5","0","44","0.2","16.1","769","1.2","24","0.4"," "," "," "," "," "," "," "," "," "," "," "," "," "
"196","2015-04-22","1000","19.6","11.6","0.44","417","0.42","0","60","0.1","19.5","691","1.4","34","0.6"," "," "," "," "," "," "," "," "," "," "," "," "," "
"196","2015-04-22","1100","21.6","11.9","0.53","490","0.51","0","54","0.1","19.4","792","1.4","94","0.5"," "," "," "," "," "," "," "," "," "," "," "," "," "
"196","2015-04-22","1200","23.2","12.2","0.59","540","0.57","0","50","0.3","19.4","865","1.4","169","0.5"," "," "," "," "," "," "," "," "," "," "," "," "," "
"196","2015-05-08","1000","17.9","8.7","0.48","452","0.44","0","55","1.2","18.8","737","1.1","154","1.9"," "," "," "," "," "," "," "," "," "," "," "," "," "
"196","2015-05-08","1100","19.6","8.3","0.58","528","0.53","0","48","1.2","18.7","850","1.1","138","1.8"," "," "," "," "," "," "," "," "," "," "," "," "," "
"196","2015-05-08","1200","20.9","7.7","0.64","569","0.59","0","43","1.1","18.7","912","1","148","1.8"," "," "," "," "," "," "," "," "," "," "," "," "," "
"196","2015-05-24","1000","24.6","13.8","0.55","468","0.52","0","51","0.6","21.1","753","1.6","209","1.4"," "," "," "," "," "," "," "," "," "," "," "," "," "
"196","2015-05-24","1100","26.2","13.2","0.66","542","0.62","0","45","0.8","21","860","1.5","154","1.6"," "," "," "," "," "," "," "," "," "," "," "," "," "
"196","2015-05-24","1200","27.6","12.9","0.73","580","0.69","0","40","1.2","21","916","1.5","154","1.9"," "," "," "," "," "," "," "," "," "," "," "," "," "
"196","2015-06-25","1000","32.9","12","0.62","449","0.6","0","28","1.1","25.4","724","1.4","127","1.4"," "," "," "," "," "," "," "," "," "," "," "," "," "
"196","2015-06-25","1100","34.2","13","0.74","529","0.72","0","28","1.4","25.3","839","1.5","170","1.8"," "," "," "," "," "," "," "," "," "," "," "," "," "
"196","2015-06-25","1200","35.6","13.9","0.8","571","0.78","0","27","1.4","25.3","899","1.6","164","1.8"," "," "," "," "," "," "," "," "," "," "," "," "," "
"196","2015-07-11","1000","25","15.3","0.53","447","0.5","0","55","0.8","25","715","1.7","110","1.4"," "," "," "," "," "," "," "," "," "," "," "," "," "
"196","2015-07-11","1100","26.9","15.2","0.64","523","0.6","0","49","0.8","24.9","825","1.7","122","1.5"," "," "," "," "," "," "," "," "," "," "," "," "," "
"196","2015-07-11","1200","28.4","15.3","0.7","559","0.66","0","45","0.6","24.9","876","1.7","140","1.6"," "," "," "," "," "," "," "," "," "," "," "," "," "
"196","2015-07-27","1000","29.3","8.5","0.66","436","0.66","0","27","3.6","25.5","718","1.1","357","3.8"," "," "," "," "," "," "," "," "," "," "," "," "," "
"196","2015-07-27","1100","31.2","7.9","0.77","515","0.76","0","23","3.3","25.4","837","1.1","4","3.4"," "," "," "," "," "," "," "," "," "," "," "," "," "
"196","2015-07-27","1200","32.6","7.1","0.83","559","0.81","0","21","2.9","25.4","905","1","2","3.1"," "," "," "," "," "," "," "," "," "," "," "," "," "
"196","2015-08-12","1000","26.5","11","0.51","406","0.49","0","38","0.7","24.8","670","1.3","42","1.3"," "," "," "," "," "," "," "," "," "," "," "," "," "
"196","2015-08-12","1100","28.2","9.8","0.62","484","0.6","0","32","0.4","24.7","785","1.2","87","1.4"," "," "," "," "," "," "," "," "," "," "," "," "," "
"196","2015-08-12","1200","30","9","0.69","532","0.67","0","27","0.7","24.6","856","1.2","102","1.4"," "," "," "," "," "," "," "," "," "," "," "," "," "
"196","2015-09-29","1000","21.8","9.6","0.36","309","0.37","0","46","0.6","21.9","562","1.2","13","1.1"," "," "," "," "," "," "," "," "," "," "," "," "," "
"196","2015-09-29","1100","24.5","8.9","0.47","390","0.48","0","37","0.5","21.7","685","1.1","83","1.2"," "," "," "," "," "," "," "," "," "," "," "," "," "
"196","2015-09-29","1200","26.4","7.4","0.54","426","0.54","0","30","0.7","21.7","739","1","138","1.4"," "," "," "," "," "," "," "," "," "," "," "," "," "
"131","2014-10-12","1000","22.3","5.4","0.44","284","0.45","0","33","4.1","20.3","535","0.9","340","4.4"," "," "," "," "," "," "," "," "," "," "," "," "," "
"131","2014-10-12","1100","25.3","4.7","0.55","348","0.56","0","26","4","20.4","627","0.9","331","4.3"," "," "," "," "," "," "," "," "," "," "," "," "," "
"131","2014-10-12","1200","27.5","4.1","0.62","378","0.64","0","22","4.1","20.6","671","0.8","335","4.4"," "," "," "," "," "," "," "," "," "," "," "," "," "
"131","2014-10-28","1000","16.4","8.4","0.23","217","0.24","0","59","0.2","16.4","432","1.1","186","0.9"," "," "," "," "," "," "," "," "," "," "," "," "," "
"131","2014-10-28","1100","18.8","8","0.3","275","0.32","0","49","0.4","16.5","519","1.1","222","1.1"," "," "," "," "," "," "," "," "," "," "," "," "," "
"131","2014-10-28","1200","20.7","8.1","0.35","302","0.36","0","44","0.7","16.7","557","1.1","278","1.4"," "," "," "," "," "," "," "," "," "," "," "," "," "
"131","2014-12-31","1000","3.7","-7.1","0.12","113","0.13","0","45","2.9","7.4","275","0.4","330","3"," "," "," "," "," "," "," "," "," "," "," "," "," "
"131","2014-12-31","1100","6","-6.9","0.18","177","0.18","0","39","2.5","7.3","372","0.4","333","2.7"," "," "," "," "," "," "," "," "," "," "," "," "," "
"131","2014-12-31","1200","8","-6.2","0.21","213","0.21","0","36","1.8","7.4","425","0.4","317","2"," "," "," "," "," "," "," "," "," "," "," "," "," "
"131","2015-03-05","1000","15.3","6.9","0.24","233","0.24","0","57","0.4","11.2","441","1","226","0.9"," "," "," "," "," "," "," "," "," "," "," "," "," "
"131","2015-03-05","1100","17.1","6.5","0.34","313","0.33","0","50","0.8","11.3","558","1","290","1.4"," "," "," "," "," "," "," "," "," "," "," "," "," "
"131","2015-03-05","1200","17.9","7.1","0.4","364","0.39","0","49","1.2","11.6","631","1","301","1.6"," "," "," "," "," "," "," "," "," "," "," "," "," "
"131","2015-03-21","1000","17","10.6","0.28","264","0.28","0","66","1.4","15.1","468","1.3","178","1.7"," "," "," "," "," "," "," "," "," "," "," "," "," "
"131","2015-03-21","1100","18.7","11.5","0.41","376","0.38","0","63","1.4","15.3","632","1.4","207","1.9"," "," "," "," "," "," "," "," "," "," "," "," "," "
"131","2015-03-21","1200","20.5","11.4","0.46","416","0.44","0","56","0.7","15.6","687","1.3","211","1.5"," "," "," "," "," "," "," "," "," "," "," "," "," "
"131","2015-04-22","1000","16.6","11.9","0.39","394","0.36","0","74","0.7","17.6","647","1.4","226","1.3"," "," "," "," "," "," "," "," "," "," "," "," "," "
"131","2015-04-22","1100","18.1","12.7","0.48","469","0.44","0","71","1.2","17.7","753","1.5","206","1.8"," "," "," "," "," "," "," "," "," "," "," "," "," "
"131","2015-04-22","1200","19.4","13","0.54","509","0.49","0","67","1.1","18.1","810","1.5","216","1.9"," "," "," "," "," "," "," "," "," "," "," "," "," "
"131","2015-05-08","1000","16.2","8.7","0.46","441","0.4","0","61","2","18","714","1.1","166","2.5"," "," "," "," "," "," "," "," "," "," "," "," "," "
"131","2015-05-08","1100","17.5","8.3","0.54","508","0.48","0","55","2.1","18.2","809","1.1","161","2.6"," "," "," "," "," "," "," "," "," "," "," "," "," "
"131","2015-05-08","1200","18.6","8.4","0.6","553","0.53","0","51","1.7","18.5","874","1.1","182","2.2"," "," "," "," "," "," "," "," "," "," "," "," "," "
"131","2015-05-24","1000","20.4","13.2","0.5","449","0.45","0","63","1.7","20.4","716","1.5","166","2.1"," "," "," "," "," "," "," "," "," "," "," "," "," "
"131","2015-05-24","1100","22.3","13.7","0.58","511","0.53","0","58","1.1","20.6","804","1.6","176","1.8"," "," "," "," "," "," "," "," "," "," "," "," "," "
"131","2015-05-24","1200","24","13.8","0.64","542","0.59","0","53","1.5","20.9","848","1.6","170","2"," "," "," "," "," "," "," "," "," "," "," "," "," "
"131","2015-06-25","1000","30.8","14.5","0.58","445","0.57","0","37","0.8","26.5","712","1.7","261","1.3"," "," "," "," "," "," "," "," "," "," "," "," "," "
"131","2015-06-25","1100","33","15.1","0.69","516","0.67","0","34","0.2","26.7","814","1.7","274","1.3"," "," "," "," "," "," "," "," "," "," "," "," "," "
"131","2015-06-25","1200","35","14.6","0.75","547","0.73","0","30","0.6","27","859","1.7","308","1.5"," "," "," "," "," "," "," "," "," "," "," "," "," "
"131","2015-07-11","1000","22.7","14.4","0.52","447","0.48","0","60","1.7","26","713","1.6","193","2.2"," "," "," "," "," "," "," "," "," "," "," "," "," "
"131","2015-07-11","1100","24.4","14.1","0.62","517","0.57","0","53","2","26.2","813","1.6","223","2.4"," "," "," "," "," "," "," "," "," "," "," "," "," "
"131","2015-07-11","1200","26.1","14.3","0.68","552","0.63","0","48","1.6","26.5","864","1.6","230","2.2"," "," "," "," "," "," "," "," "," "," "," "," "," "
"131","2015-07-27","1000","27.6","12.6","0.59","440","0.57","0","40","2.3","27.2","714","1.5","320","2.6"," "," "," "," "," "," "," "," "," "," "," "," "," "
"131","2015-07-27","1100","29.2","13.3","0.69","517","0.66","0","38","2.2","27.3","824","1.5","315","2.5"," "," "," "," "," "," "," "," "," "," "," "," "," "
"131","2015-07-27","1200","30.8","13","0.77","556","0.74","0","34","2.3","27.6","880","1.5","317","2.8"," "," "," "," "," "," "," "," "," "," "," "," "," "
"131","2015-08-12","1000","24.5","11.5","0.52","415","0.49","0","44","1.7","26.3","683","1.4","173","2"," "," "," "," "," "," "," "," "," "," "," "," "," "
"131","2015-08-12","1100","26.4","11.9","0.62","489","0.59","0","40","1.1","26.4","787","1.4","190","1.9"," "," "," "," "," "," "," "," "," "," "," "," "," "
"131","2015-08-12","1200","28.4","9.5","0.68","526","0.66","0","31","1.3","26.7","842","1.2","233","1.8"," "," "," "," "," "," "," "," "," "," "," "," "," "
"131","2015-09-29","1000","17.8","11.2","0.27","231","0.27","0","65","2.3","23.5","431","1.3","173","2.5"," "," "," "," "," "," "," "," "," "," "," "," "," "
"131","2015-09-29","1100","19.9","11.1","0.4","344","0.39","0","57","2.1","23.5","599","1.3","187","2.5"," "," "," "," "," "," "," "," "," "," "," "," "," "
"131","2015-09-29","1200","22","10.3","0.52","426","0.5","0","47","2.2","23.7","728","1.3","183","2.6"," "," "," "," "," "," "," "," "," "," "," "," "," "
"212","2014-10-12","1000","25.4","-0.5","0.58","268","0.62","0","18","6.7","17.2","514","0.6","349","6.8","Y","Y","Y"," "," "," ","Y"," "," "," "," "," "," "
"212","2014-10-12","1100","27.8","-2.1","0.65","340","0.69","0","14","5.1","17.1","626","0.5","344","5.6","Y","Y","Y"," "," "," ","Y"," "," "," "," "," "," "
"212","2014-10-12","1200","29.8","-2","0.66","376","0.7","0","13","4.1","17.1","681","0.5","343","4.4","Y","Y","Y"," "," "," ","Y"," "," "," "," "," "," "
"212","2014-10-28","1000","19.5","4.9","0.27","206","0.3","0","38","2","13.4","417","0.9","33","2.1"," "," "," "," "," "," "," "," "," "," "," "," "," "
"212","2014-10-28","1100","21","4.8","0.35","271","0.37","0","35","2","13.4","514","0.9","27","2"," "," "," "," "," "," "," "," "," "," "," "," "," "
"212","2014-10-28","1200","22.6","5.5","0.39","303","0.41","0","33","1.8","13.6","561","0.9","344","1.9"," "," "," "," "," "," "," "," "," "," "," "," "," "
"212","2014-12-31","1000","7","-10.5","0.2","102","0.21","0","27","5.5","6.8","255","0.3","346","5.6"," "," "," "," "," "," "," "," "," "," "," "," "," "
"212","2014-12-31","1100","8.9","-10.3","0.28","161","0.27","0","25","6","6.7","345","0.3","347","6.2"," "," "," "," "," "," "," "," "," "," "," "," "," "
"212","2014-12-31","1200","10.5","-10.3","0.33","196","0.32","0","22","6.1","6.7","396","0.3","350","6.2"," "," "," "," "," "," "," "," "," "," "," "," "," "
"212","2015-03-05","1000","13.4","5.9","0.22","203","0.22","0","60","2.4","10.8","391","0.9","9","2.5"," "," "," "," "," "," "," "," "," "," "," "," "," "
"212","2015-03-05","1100","16.6","6.7","0.32","280","0.31","0","52","2","10.7","504","1","6","2.2"," "," "," "," "," "," "," "," "," "," "," "," "," "
"212","2015-03-05","1200","18.7","5.6","0.36","302","0.37","0","42","2.1","10.8","535","0.9","8","2.3"," "," "," "," "," "," "," "," "," "," "," "," "," "
"212","2015-03-21","1000","17.7","11.4","0.33","271","0.3","0","67","4.3","14.2","479","1.3","247","4.4"," "," "," "," "," "," "," "," "," "," "," "," "," "
"212","2015-03-21","1100","19.6","10.9","0.42","352","0.39","0","57","3","14.2","596","1.3","259","3.2"," "," "," "," "," "," "," "," "," "," "," "," "," "
"212","2015-03-21","1200","20.8","10.6","0.47","395","0.44","0","52","2.3","14.3","656","1.3","262","2.6"," "," "," "," "," "," "," "," "," "," "," "," "," "
"212","2015-04-22","1000","16.4","10.2","0.39","384","0.36","0","66","1.7","14.1","634","1.2","251","2"," "," "," "," "," "," "," "," "," "," "," "," "," "
"212","2015-04-22","1100","18.5","10.3","0.48","452","0.44","0","59","1.2","14.3","729","1.3","239","1.7"," "," "," "," "," "," "," "," "," "," "," "," "," "
"212","2015-04-22","1200","20.1","10.4","0.55","495","0.5","0","54","1.9","14.7","791","1.3","222","2.2"," "," "," "," "," "," "," "," "," "," "," "," "," "
"212","2015-05-08","1000","16.8","7.7","0.36","325","0.34","0","55","2.7","14.2","541","1.1","153","2.7"," "," "," "," "," "," "," ","R","Y"," "," "," "," "
"212","2015-05-08","1100","18.4","7","0.46","411","0.43","0","47","2.4","14.5","666","1","153","2.4"," "," "," "," "," "," "," ","R"," "," "," "," "," "
"212","2015-05-08","1200","19.7","6.5","0.52","451","0.48","0","42","2.4","15","724","1","152","2.4"," "," "," "," "," "," "," ","R"," "," "," "," "," "
"212","2015-05-24","1000","19.8","10.3","0.52","408","0.45","0","54","5.4","16.5","657","1.3","238","5.5"," "," "," "," "," "," "," "," "," "," "," "," "," "
"212","2015-05-24","1100","21.7","10.3","0.63","479","0.54","0","48","5.3","16.6","759","1.3","234","5.4"," "," "," "," "," "," "," "," "," "," "," "," "," "
"212","2015-05-24","1200","23.3","9.9","0.71","519","0.62","0","43","5.3","16.8","818","1.2","228","5.4"," "," "," "," "," "," "," "," "," "," "," "," "," "
"212","2015-06-25","1000","27.1","12.6","0.33","231","0.36","0","41","1.7","20","404","1.5","289","1.8"," "," "," "," "," "," "," "," "," "," "," "," "," "
"212","2015-06-25","1100","30.5","12.5","0.39","280","0.42","0","33","0.9","20.2","479","1.4","322","1.3"," "," "," "," "," "," "," "," "," "," "," "," "," "
"212","2015-06-25","1200","32.1","13.5","0.45","311","0.48","0","32","1","20.5","527","1.5","305","1.6"," "," "," "," "," "," "," "," "," "," "," "," "," "
"212","2015-07-11","1000","21.4","12.6","0.5","377","0.44","0","57","5","18","608","1.5","150","5.3"," "," "," "," "," "," "," "," ","Y"," "," "," "," "
"212","2015-07-11","1100","22.9","12.2","0.59","442","0.53","0","51","4.6","18.1","704","1.4","240","5.1"," "," "," "," "," "," "," "," ","Y"," "," "," "," "
"212","2015-07-11","1200","24","11.8","0.64","466","0.58","0","46","5","18.3","739","1.4","318","5.1"," "," "," "," "," "," "," "," ","Y"," "," "," "," "
"212","2015-07-27","1000","27","9.2","0.56","367","0.55","0","33","3.1","19.6","602","1.2","304","3.8"," "," "," "," "," "," "," "," "," "," "," "," "," "
"212","2015-07-27","1100","29","9.9","0.65","437","0.64","0","30","1","19.8","703","1.2","22","3.5"," "," "," "," "," "," "," "," "," "," "," "," "," "
"212","2015-07-27","1200","30.7","9.3","0.83","477","0.81","0","27","0","20.1","762","1.2","0","6.4"," "," "," "," "," "," "," "," "," "," "," "," "," "
"212","2015-08-12","1000","22.6","10.7","0.58","425","0.52","0","47","5","18.8","702","1.3","231","5.2"," "," "," "," "," "," "," "," ","Y"," "," "," "," "
"212","2015-08-12","1100","24.8","9.5","0.71","504","0.65","0","38","4.8","18.9","817","1.2","230","4.9"," "," "," "," "," "," "," "," ","Y"," "," "," "," "
"212","2015-08-12","1200","26.8","9.2","0.78","548","0.72","0","33","4.2","19.3","883","1.2","238","4.4"," "," "," "," "," "," "," "," "," "," "," "," "," "
"212","2015-09-29","1000","15.5","8.9","0.3","218","0.27","0","65","6.9","17.2","412","1.1","234","7.1"," "," "," "," "," "," "," "," "," "," "," "," "," "
"212","2015-09-29","1100","18.4","8.9","0.53","403","0.45","0","54","6.6","17.2","705","1.1","235","6.8"," "," "," "," "," "," "," "," "," "," "," "," "," "
"212","2015-09-29","1200","20.4","8.5","0.53","385","0.48","0","46","5.3","17.2","660","1.1","238","5.5"," "," "," "," "," "," "," "," "," "," "," "," "," "
"166","2014-10-12","1000","23.3","5.5","0.46","294",,"0","32","4","18","563","0.9","349","4.3"," "," "," "," ","N"," "," "," "," "," "," "," "," "
"166","2014-10-12","1100","25.5","5.2","0.57","362",,"0","27","4.2","18.2","669","0.9","349","4.3"," "," "," "," ","N"," "," "," "," "," "," "," "," "
"166","2014-10-12","1200","27.5","4.3","0.62","380",,"0","23","4.2","18.4","730","0.8","342","4.4"," "," "," "," ","N"," "," "," "," "," "," "," "," "
"166","2014-10-28","1000","15.8","6.8","0.25","237",,"0","55","1","14","469","1","317","1.2"," "," "," "," ","N"," "," "," "," "," "," "," "," "
"166","2014-10-28","1100","18.4","7.6","0.33","306",,"0","49","0.4","14.1","573","1","293","1.2"," "," "," "," ","N"," "," "," "," "," "," "," "," "
"166","2014-10-28","1200","20.4","8","0.39","339",,"0","45","1","14.3","623","1.1","344","1.3"," "," "," "," ","N"," "," "," "," "," "," "," "," "
"166","2014-12-31","1000","4.8","-6.7","0.17","128",,"0","43","4.9","6.9","317","0.4","344","5"," "," "," "," ","N"," "," "," "," "," "," "," "," "
"166","2014-12-31","1100","6.2","-6.7","0.24","196",,"0","39","5.1","6.9","436","0.4","346","5.3"," "," "," "," ","N"," "," "," "," "," "," "," "," "
"166","2014-12-31","1200","7.7","-6","0.27","219",,"0","37","5","6.9","503","0.4","345","5.2"," "," "," "," ","N"," "," "," "," "," "," "," "," "
"166","2015-03-05","1000","12.9","6.4","0.24","257",,"0","64","1.1","9","537","1","346","1.2"," "," "," "," ","N"," "," "," "," "," "," "," "," "
"166","2015-03-05","1100","14.8","7.6","0.35","359",,"0","62","1","9.1","676","1","309","1.4"," "," "," "," ","N"," "," "," "," "," "," "," "," "
"166","2015-03-05","1200","16.7","8.2","0.43","420",,"0","57","0.9","9.4","759","1.1","282","1.4"," "," "," "," ","N"," "," "," "," "," "," "," "," "
"166","2015-03-21","1000",,,,,,,,,,,,,,"M","M","M","M","N","M","M","M","M","M","M","M","M"
"166","2015-03-21","1100",,,,,,,,,,,,,,"M","M","M","M","N","M","M","M","M","M","M","M","M"
"166","2015-03-21","1200",,,,,,,,,,,,,,"M","M","M","M","N","M","M","M","M","M","M","M","M"
"70","2014-10-12","1000","22.9","5.4","0.42","291","0.44","0","32","2.9","18.6","545","0.9","297","3.2"," "," "," "," "," "," "," "," "," "," "," "," "," "
"70","2014-10-12","1100","24.9","5.6","0.51","364","0.52","0","29","2.7","18.7","654","0.9","311","3"," "," "," "," "," "," "," "," "," "," "," "," "," "
"70","2014-10-12","1200","26.8","5.1","0.56","395","0.57","0","25","2.6","18.8","696","0.9","312","2.8"," "," "," "," "," "," "," "," "," "," "," "," "," "
"70","2014-10-28","1000","17","8","0.25","228","0.26","0","55","1","15.5","450","1.1","275","1.4"," "," "," "," "," "," "," "," "," "," "," "," "," "
"70","2014-10-28","1100","19.4","7.3","0.35","296","0.35","0","45","1.3","15.5","551","1","287","1.8"," "," "," "," "," "," "," "," "," "," "," "," "," "
"70","2014-10-28","1200","21.1","6.8","0.4","327","0.41","0","40","1.5","15.7","598","1","296","2"," "," "," "," "," "," "," "," "," "," "," "," "," "
"70","2014-12-31","1000","4.7","-6.5","0.15","131","0.16","0","44","3.6","9.8","319","0.4","319","3.8"," "," "," "," "," "," "," "," "," "," "," "," "," "
"70","2014-12-31","1100","6.9","-7.1","0.22","201","0.22","0","36","3.2","9.7","432","0.4","316","3.4"," "," "," "," "," "," "," "," "," "," "," "," "," "
"70","2014-12-31","1200","8.2","-7.2","0.26","241","0.26","0","33","3.1","9.7","495","0.4","304","3.3"," "," "," "," "," "," "," "," "," "," "," "," "," "
"70","2015-03-05","1000","12.3","5.5","0.26","275","0.25","0","64","1.4","9.9","519","0.9","261","1.5"," "," "," "," "," "," "," "," "," "," "," "," "," "
"70","2015-03-05","1100","15.3","6.1","0.37","361","0.36","0","54","1.6","9.9","651","0.9","260","1.8"," "," "," "," "," "," "," "," "," "," "," "," "," "
"70","2015-03-05","1200","17.1","5.5","0.44","406","0.43","0","46","1.4","10","729","0.9","287","1.8"," "," "," "," "," "," "," "," "," "," "," "," "," "
"70","2015-03-21","1000","18","12.5","0.34","321","0.32","0","70","1.9","12.6","558","1.4","305","2.2"," "," "," "," "," "," "," "," "," "," "," "," "," "
"70","2015-03-21","1100","20.2","12.5","0.46","410","0.43","0","61","2.2","12.6","685","1.5","317","2.6"," "," "," "," "," "," "," "," "," "," "," "," "," "
"70","2015-03-21","1200","22.2","11.8","0.55","462","0.51","0","52","2.2","12.8","761","1.4","309","2.6"," "," "," "," "," "," "," "," "," "," "," "," "," "
"70","2015-04-22","1000","16.5","11.4","0.34","341","0.32","0","72","0.8","16.9","568","1.3","341","1.4"," "," "," "," "," "," "," "," "," "," "," "," "," "
"70","2015-04-22","1100","17.8","12.3","0.52","510","0.48","0","70","1.2","17","856","1.4","2","1.8"," "," "," "," "," "," "," "," "," "," "," "," "," "
"70","2015-04-22","1200","19.1","12.3","0.57","539","0.51","0","65","0.8","17","856","1.4","304","1.7"," "," "," "," "," "," "," "," "," "," "," "," "," "
"70","2015-05-08","1000","16.3","9.4","0.45","426","0.39","0","64","2.7","16.8","689","1.2","165","3.2"," "," "," "," "," "," "," "," "," "," "," "," "," "
"70","2015-05-08","1100","17.8","9.4","0.56","522","0.49","0","58","2.2","16.9","829","1.2","142","2.6"," "," "," "," "," "," "," "," "," "," "," "," "," "
"70","2015-05-08","1200","18.6","9","0.57","527","0.51","0","53","1.6","17.1","831","1.1","150","2.5"," "," "," "," "," "," "," "," "," "," "," "," "," "
"70","2015-05-24","1000","20.8","12.8","0.55","483","0.49","0","60","2.5","18.2","776","1.5","289","2.8"," "," "," "," "," "," "," "," "," "," "," "," "," "
"70","2015-05-24","1100","22.4","13.1","0.64","557","0.58","0","56","2.1","18.3","886","1.5","269","2.6"," "," "," "," "," "," "," "," "," "," "," "," "," "
"70","2015-05-24","1200","24","13.5","0.7","592","0.65","0","52","1.7","18.5","944","1.6","267","2.4"," "," "," "," "," "," "," "," "," "," "," "," "," "
"70","2015-06-25","1000","28.3","15.9","0.6","474","0.57","0","47","1.4","22.7","756","1.8","336","1.6"," "," "," "," "," "," "," "," "," "," "," "," "," "
"70","2015-06-25","1100","29.8","17","0.71","546","0.67","0","46","1.8","22.8","858","1.9","332","2"," "," "," "," "," "," "," "," "," "," "," "," "," "
"70","2015-06-25","1200","31.4","17.1","0.76","574","0.72","0","43","1.6","23","895","2","319","2"," "," "," "," "," "," "," "," "," "," "," "," "," "
"70","2015-07-11","1000","22.7","15.4","0.54","462","0.48","0","64","2.3","22.7","736","1.8","290","2.6"," "," "," "," "," "," "," "," "," "," "," "," "," "
"70","2015-07-11","1100","24.2","15.6","0.64","540","0.58","0","59","2.3","22.7","849","1.8","294","2.7"," "," "," "," "," "," "," "," "," "," "," "," "," "
"70","2015-07-11","1200","25.6","15.9","0.7","583","0.64","0","55","1.9","22.8","911","1.8","290","2.4"," "," "," "," "," "," "," "," "," "," "," "," "," "
"70","2015-07-27","1000","24.9","14.3","0.57","455","0.53","0","52","2.7","22.2","736","1.6","298","3"," "," "," "," "," "," "," "," "," "," "," "," "," "
"70","2015-07-27","1100","27.2","14.6","0.71","536","0.66","0","46","3","22.3","857","1.7","290","3.4"," "," "," "," "," "," "," "," "," "," "," "," "," "
"70","2015-07-27","1200","29.3","14.4","0.77","576","0.74","0","40","2.5","22.5","928","1.6","304","2.9"," "," "," "," "," "," "," "," "," "," "," "," "," "
"70","2015-08-12","1000","24.2","12.6","0.52","432","0.5","0","48","1.5","22.8","710","1.5","340","1.8"," "," "," "," "," "," "," "," "," "," "," "," "," "
"70","2015-08-12","1100","25.9","13","0.64","514","0.6","0","45","1.7","22.8","831","1.5","320","2"," "," "," "," "," "," "," "," "," "," "," "," "," "
"70","2015-08-12","1200","27.2","13.2","0.71","559","0.68","0","42","2","23","900","1.5","293","2.4"," "," "," "," "," "," "," "," "," "," "," "," "," "
"70","2015-09-29","1000","18.4","12.7","0.2","174","0.22","0","69","1.3","20.7","346","1.5","333","1.6"," "," "," "," "," "," "," "," "," "," "," "," "," "
"70","2015-09-29","1100","20.3","12.7","0.41","358","0.39","0","62","2","20.6","618","1.5","307","2.3"," "," "," "," "," "," "," "," "," "," "," "," "," "
"70","2015-09-29","1200","21.5","12.6","0.35","293","0.36","0","57","1.3","20.6","523","1.5","346","1.8"," "," "," "," "," "," "," "," "," "," "," "," "," "
"71","2014-10-12","1000","23.2","3.3","0.54","283","0.55","0","27","6.6","18.6","530","0.8","296","6.7"," "," "," "," "," "," "," "," "," "," "," "," "," "
"71","2014-10-12","1100","25","3.5","0.63","358","0.62","0","25","5.9","18.6","641","0.8","303","6"," "," "," "," "," "," "," "," "," "," "," "," "," "
"71","2014-10-12","1200","26.7","3.1","0.7","392","0.7","0","22","6.1","18.7","693","0.8","314","6.2"," "," "," "," "," "," "," "," "," "," "," "," "," "
"71","2014-10-28","1000","16.1","9.9","0.24","215","0.24","0","67","2.6","15.7","423","1.2","305","2.7"," "," "," "," "," "," "," "," "," "," "," "," "," "
"71","2014-10-28","1100","18.7","8.4","0.33","282","0.34","0","51","2.1","15.7","524","1.1","317","2.2"," "," "," "," "," "," "," "," "," "," "," "," "," "
"71","2014-10-28","1200","20.5","6.7","0.4","313","0.4","0","41","2.6","15.8","571","1","327","2.7"," "," "," "," "," "," "," "," "," "," "," "," "," "
"71","2014-12-31","1000","4.9","-7.4","0.18","126","0.18","0","40","5.4","7.7","297","0.3","285","5.5"," "," "," "," "," "," "," "," "," "," "," "," "," "
"71","2014-12-31","1100","6.5","-7.4","0.26","203","0.23","0","36","5.6","7.6","429","0.4","299","5.8"," "," "," "," "," "," "," "," "," "," "," "," "," "
"71","2014-12-31","1200","8","-7.6","0.32","243","0.28","0","32","6.1","7.6","495","0.3","303","6.3"," "," "," "," "," "," "," "," "," "," "," "," "," "
"71","2015-03-05","1000","12.1","6.9","0.26","277","0.25","0","71","2.1","11.1","521","1","293","2.2"," "," "," "," "," "," "," "," "," "," "," "," "," "
"71","2015-03-05","1100","15","6.1","0.36","362","0.36","0","55","0.8","11.1","659","0.9","290","1.4"," "," "," "," "," "," "," "," "," "," "," "," "," "
"71","2015-03-05","1200","17.2","5.2","0.43","404","0.44","0","45","1.1","11.2","744","0.9","347","1.6"," "," "," "," "," "," "," "," "," "," "," "," "," "
"71","2015-03-21","1000","18","12.3","0.34","308","0.31","0","69","2.5","15.2","535","1.4","323","2.6"," "," "," "," "," "," "," "," "," "," "," "," "," "
"71","2015-03-21","1100","20.4","11.9","0.47","393","0.43","0","58","3.6","15.2","657","1.4","325","3.7"," "," "," "," "," "," "," "," "," "," "," "," "," "
"71","2015-03-21","1200","21.6","11.3","0.55","441","0.5","0","52","3.7","15.4","724","1.3","320","3.7"," "," "," "," "," "," "," "," "," "," "," "," "," "
"71","2015-04-22","1000","17","10.6","0.39","381","0.36","0","66","0.8","16.2","627","1.3","51","1.5"," "," "," "," "," "," "," "," "," "," "," "," "," "
"71","2015-04-22","1100","18.5","10.8","0.46","436","0.43","0","61","0.9","16.3","704","1.3","328","1.4"," "," "," "," "," "," "," "," "," "," "," "," "," "
"71","2015-04-22","1200","19.8","10.7","0.56","524","0.52","0","56","0.6","16.5","834","1.3","326","1.5"," "," "," "," "," "," "," "," "," "," "," "," "," "
"71","2015-05-08","1000","15.5","9.2","0.37","340","0.32","0","66","4.1","18.1","561","1.2","133","4.3"," "," "," "," "," "," "," "," "," "," "," "," "," "
"71","2015-05-08","1100","17.2","9.5","0.54","500","0.45","0","61","3.5","18.2","793","1.2","133","3.7"," "," "," "," "," "," "," "," "," "," "," "," "," "
"71","2015-05-08","1200","18.4","8.7","0.62","573","0.54","0","53","2.3","18.3","908","1.1","99","2.8"," "," "," "," "," "," "," "," "," "," "," "," "," "
"71","2015-05-24","1000","20.8","11.2","0.51","457","0.47","0","54","0.7","18.4","731","1.3","138","1.5"," "," "," "," "," "," "," "," "," "," "," "," "," "
"71","2015-05-24","1100","22.6","11.6","0.61","538","0.56","0","50","1.1","18.5","848","1.4","2","1.5"," "," "," "," "," "," "," "," "," "," "," "," "," "
"71","2015-05-24","1200","24.1","11.8","0.67","579","0.63","0","46","1.1","18.7","909","1.4","302","1.5"," "," "," "," "," "," "," "," "," "," "," "," "," "
"71","2015-06-25","1000","28.9","13.1","0.62","462","0.6","0","38","2.2","23","739","1.5","338","2.4"," "," "," "," "," "," "," "," "," "," "," "," "," "
"71","2015-06-25","1100","30.7","12.4","0.74","543","0.71","0","33","2.2","23.1","860","1.4","321","2.4"," "," "," "," "," "," "," "," "," "," "," "," "," "
"71","2015-06-25","1200","32.1","14.3","0.81","586","0.78","0","34","2.4","23.2","921","1.6","343","2.6"," "," "," "," "," "," "," "," "," "," "," "," "," "
"71","2015-07-11","1000","22.7","13.8","0.54","445","0.49","0","57","2.8","24","710","1.6","334","3"," "," "," "," "," "," "," "," "," "," "," "," "," "
"71","2015-07-11","1100","24.3","14.2","0.63","526","0.58","0","53","2.1","24.1","827","1.6","317","2.4"," "," "," "," "," "," "," "," "," "," "," "," "," "
"71","2015-07-11","1200","25.7","14.1","0.7","570","0.64","0","49","2.2","24.3","891","1.6","323","2.5"," "," "," "," "," "," "," "," "," "," "," "," "," "
"71","2015-07-27","1000","24.5","13.9","0.59","440","0.54","0","52","4.6","23.1","709","1.6","299","4.7"," "," "," "," "," "," "," "," "," "," "," "," "," "
"71","2015-07-27","1100","27","13","0.72","523","0.67","0","42","4","23.1","831","1.5","303","4.2"," "," "," "," "," "," "," "," "," "," "," "," "," "
"71","2015-07-27","1200","29","12.7","0.81","571","0.76","0","37","4","23.2","905","1.5","307","4.2"," "," "," "," "," "," "," "," "," "," "," "," "," "
"71","2015-08-12","1000","23.8","10.5","0.52","420","0.49","0","43","2","23.3","690","1.3","335","2.2"," "," "," "," "," "," "," "," "," "," "," "," "," "
"71","2015-08-12","1100","25.8","11","0.66","505","0.62","0","40","2.8","23.3","813","1.3","351","3"," "," "," "," "," "," "," "," "," "," "," "," "," "
"71","2015-08-12","1200","26.9","10.4","0.73","552","0.69","0","35","2.9","23.4","884","1.3","344","3.1"," "," "," "," "," "," "," "," "," "," "," "," "," "
"71","2015-09-29","1000","18.1","12.6","0.18","140","0.21","0","70","2.7","22.6","302","1.5","348","2.9"," "," "," "," "," "," "," "," "," "," "," "," "," "
"71","2015-09-29","1100","19.7","12.2","0.3","245","0.31","0","62","2.7","22.6","452","1.4","343","2.8"," "," "," "," "," "," "," "," "," "," "," "," "," "
"71","2015-09-29","1200","21.8","11.7","0.3","219","0.33","0","53","2.7","22.6","419","1.4","357","2.8"," "," "," "," "," "," "," "," "," "," "," "," "," "
"191","2014-10-12","1000","26.3","-3.2","0.51","290","0.54","0","14","3.6","18.5","522","0.5","41","4","Y","Y","Y"," "," "," ","Y"," "," "," "," "," "," "
"191","2014-10-12","1100","28.2","-5","0.61","367","0.63","0","11","3.6","18.5","640","0.4","24","3.8"," "," "," "," "," "," "," "," "," "," "," "," "," "
"191","2014-10-12","1200","29.5","-4.8","0.66","407","0.66","0","10","3.1","18.5","699","0.4","18","3.5"," "," "," "," "," "," "," "," "," "," "," "," "," "
"191","2014-10-28","1000","16.3","7.9","0.24","236","0.24","0","58","0.1","15.3","430","1.1","218","0.8"," "," "," "," "," "," "," "," "," "," "," "," "," "
"191","2014-10-28","1100","19.4","5.7","0.35","309","0.34","0","41","0.1","15.3","537","0.9","286","1.2"," "," "," "," "," "," "," "," "," "," "," "," "," "
"191","2014-10-28","1200","21.9","3.5","0.41","345","0.4","0","30","0.3","15.5","593","0.8","100","1.2"," "," "," "," "," "," "," "," "," "," "," "," "," "
"191","2014-12-31","1000","8.9","-16.1","0.2","126","0.22","0","15","2.9","6.5","290","0.2","33","3.3"," "," "," "," "," "," "," "," "," "," "," "," "," "
"191","2014-12-31","1100","10.3","-16.3","0.26","200","0.26","0","14","2.1","6.4","406","0.2","17","2.9"," "," "," "," "," "," "," "," "," "," "," "," "," "
"191","2014-12-31","1200","11.1","-15.9","0.33","245","0.33","0","13","3.8","6.4","475","0.2","17","4.1"," "," "," "," "," "," "," "," "," "," "," "," "," "
"191","2015-03-05","1000","13.1","1.8","0.26","268","0.25","0","46","0.1","10.4","485","0.7","158","0.8"," "," "," "," "," "," "," "," "," "," "," "," "," "
"191","2015-03-05","1100","16.1","1.4","0.37","358","0.36","0","37","0.4","10.3","617","0.7","301","1.1"," "," "," "," "," "," "," "," "," "," "," "," "," "
"191","2015-03-05","1200","18.5","2.3","0.47","416","0.44","0","34","0.7","10.4","698","0.7","24","1.6"," "," "," "," "," "," "," "," "," "," "," "," "," "
"191","2015-03-21","1000","16.8","11.5","0.31","310","0.29","0","71","0.5","14.9","520","1.4","96","1.3"," "," "," "," "," "," "," "," "," "," "," "," "," "
"191","2015-03-21","1100","18.8","12","0.44","412","0.4","0","65","0.9","15","665","1.4","123","1.5"," "," "," "," "," "," "," "," "," "," "," "," "," "
"191","2015-03-21","1200","20.8","11.1","0.53","476","0.48","0","54","1.1","15.1","758","1.3","133","1.8"," "," "," "," "," "," "," "," "," "," "," "," "," "
"191","2015-04-22","1000","15.6","9","0.33","315","0.3","0","65","1.5","17.3","513","1.1","283","2"," "," "," "," "," "," "," "," "," "," "," "," "," "
"191","2015-04-22","1100","17.3","9.1","0.4","388","0.37","0","58","0.4","17.4","615","1.2","308","1.5"," "," "," "," "," "," "," "," "," "," "," "," "," "
"191","2015-04-22","1200","18.6","9.6","0.5","476","0.46","0","56","0.7","17.5","740","1.2","345","1.5"," "," "," "," "," "," "," "," "," "," "," "," "," "
"191","2015-05-08","1000","16.8","7.9","0.45","446","0.42","0","56","0.2","16.7","723","1.1","59","1"," "," "," "," "," "," "," "," "," "," "," "," "," "
"191","2015-05-08","1100","18.3","7.8","0.55","525","0.5","0","51","0.6","16.9","837","1.1","178","1.3"," "," "," "," "," "," "," "," "," "," "," "," "," "
"191","2015-05-08","1200","19.5","7.6","0.61","566","0.56","0","46","0.7","17.2","897","1","88","1.4"," "," "," "," "," "," "," "," "," "," "," "," "," "
"191","2015-05-24","1000","18.1","9.8","0.49","466","0.44","0","58","1.4","18.4","747","1.2","133","1.9"," "," "," "," "," "," "," "," "," "," "," "," "," "
"191","2015-05-24","1100","19.8","9.9","0.6","542","0.54","0","53","1.8","18.6","857","1.2","145","2.2"," "," "," "," "," "," "," "," "," "," "," "," "," "
"191","2015-05-24","1200","21.2","10.5","0.66","582","0.59","0","50","0.9","18.9","915","1.3","194","2.4"," "," "," "," "," "," "," "," "," "," "," "," "," "
"191","2015-06-25","1000","28.3","11.5","0.58","465","0.55","0","35","0.5","23.2","747","1.4","111","0.9"," "," "," "," "," "," "," "," "," "," "," "," "," "
"191","2015-06-25","1100","31.2","11.5","0.7","537","0.66","0","30","0.5","23.4","853","1.4","136","1.1"," "," "," "," "," "," "," "," "," "," "," "," "," "
"191","2015-06-25","1200","33.5","11","0.78","578","0.75","0","25","0.6","23.7","914","1.3","39","1.5"," "," "," "," "," "," "," "," "," "," "," "," "," "
"191","2015-07-11","1000","20.8","12.7","0.52","456","0.46","0","60","2.1","22.2","720","1.5","271","2.5"," "," "," "," "," "," "," "," "," "," "," "," "," "
"191","2015-07-11","1100","22.1","12.4","0.63","536","0.56","0","54","2.7","22.3","834","1.4","282","3.1"," "," "," "," "," "," "," "," "," "," "," "," "," "
"191","2015-07-11","1200","24","12.1","0.7","581","0.63","0","47","2","22.5","899","1.4","249","2.5"," "," "," "," "," "," "," "," "," "," "," "," "," "
"191","2015-07-27","1000","25.6","9.1","0.54","450","0.51","0","35","0.4","22.4","728","1.2","224","1"," "," "," "," "," "," "," "," "," "," "," "," "," "
"191","2015-07-27","1100","28","8.9","0.67","531","0.64","0","30","1","22.5","846","1.1","155","1.5"," "," "," "," "," "," "," "," "," "," "," "," "," "
"191","2015-07-27","1200","30","8.8","0.7","529","0.67","0","27","0.5","22.8","828","1.1","140","1.7"," "," "," "," "," "," "," "," "," "," "," "," "," "
"191","2015-08-12","1000","24.4","10.2","0.52","432","0.5","0","41","0.9","22","706","1.2","4","1.5"," "," "," "," "," "," "," "," "," "," "," "," "," "
"191","2015-08-12","1100","25.7","8.4","0.68","513","0.64","0","33","2.4","22.1","824","1.1","265","3.1"," "," "," "," "," "," "," "," "," "," "," "," "," "
"191","2015-08-12","1200","26.1","8.1","0.75","559","0.7","0","32","3.2","22.4","890","1.1","262","3.5"," "," "," "," "," "," "," "," "," "," "," "," "," "
"191","2015-09-29","1000","19.2","11.5","0.28","254","0.28","0","61","0.4","19.8","445","1.4","38","1.1"," "," "," "," "," "," "," "," "," "," "," "," "," "
"191","2015-09-29","1100","19.9","11","0.34","289","0.34","0","56","2.1","19.8","495","1.3","326","2.3"," "," "," "," "," "," "," "," "," "," "," "," "," "
"191","2015-09-29","1200","21.3","10.3","0.3","247","0.32","0","50","1","19.9","436","1.3","336","1.4"," "," "," "," "," "," "," "," "," "," "," "," "," "
"167","2014-10-12","1000","24.9","1.6","0.49","275","0.53","0","22","4.5","17.6","520","0.7","320","4.7"," "," "," "," "," "," "," "," "," "," "," "," "," "
"167","2014-10-12","1100","26.7","0.5","0.62","349","0.64","0","18","5","18.7","632","0.6","322","5.2"," "," "," "," "," "," "," "," "," "," "," "," "," "
"167","2014-10-12","1200","28.4","-1","0.69","384","0.72","0","15","5","19.3","687","0.6","330","5.2"," "," "," "," "," "," "," "," "," "," "," "," "," "
"167","2014-10-28","1000","17.9","7.4","0.26","222","0.28","0","50","1.7","12.4","440","1","321","1.9"," "," "," "," "," "," "," "," ","Y"," "," "," "," "
"167","2014-10-28","1100","19.9","4.8","0.36","288","0.37","0","37","2.1","14.3","540","0.9","326","2.3"," "," "," "," "," "," "," "," "," "," "," "," "," "
"167","2014-10-28","1200","21.5","4","0.41","319","0.42","0","32","2","16.1","587","0.8","331","2.2"," "," "," "," "," "," "," "," "," "," "," "," "," "
"167","2014-12-31","1000","5.9","-8","0.19","125","0.19","0","36","5.4","6.3","301","0.3","321","5.5"," "," "," "," "," "," "," "," "," "," "," "," "," "
"167","2014-12-31","1100","7.8","-8.1","0.27","196","0.25","0","31","5.4","6.4","412","0.3","322","5.6"," "," "," "," "," "," "," "," "," "," "," "," "," "
"167","2014-12-31","1200","9.4","-8.2","0.32","237","0.3","0","28","5.4","6.8","475","0.3","327","5.5"," "," "," "," "," "," "," "," "," "," "," "," "," "
"167","2015-03-05","1000","11.8","6","0.25","263","0.24","0","68","2.3","9.5","492","0.9","322","2.4"," "," "," "," "," "," "," "," "," "," "," "," "," "
"167","2015-03-05","1100","14.3","6.1","0.36","352","0.33","0","58","1.9","9.8","622","0.9","322","2.1"," "," "," "," "," "," "," "," "," "," "," "," "," "
"167","2015-03-05","1200","16.6","5.7","0.43","406","0.41","0","48","1.7","10.2","701","0.9","360","1.9"," "," "," "," "," "," "," "," "," "," "," "," "," "
"167","2015-03-21","1000","20.4","9.8","0.38","302","0.37","0","51","2.7","14.5","529","1.2","283","2.9"," "," "," "," "," "," "," "," "," "," "," "," "," "
"167","2015-03-21","1100","21.4","10.1","0.48","385","0.45","0","48","3","15.2","647","1.2","306","3.2"," "," "," "," "," "," "," "," "," "," "," "," "," "
"167","2015-03-21","1200","22.4","10","0.57","456","0.53","0","45","2.9","15.9","753","1.2","321","3.1"," "," "," "," "," "," "," "," "," "," "," "," "," "
"167","2015-04-22","1000","16.8","10.1","0.4","394","0.37","0","65","1.2","16.4","648","1.2","31","1.7"," "," "," "," "," "," "," "," "," "," "," "," "," "
"167","2015-04-22","1100","17.8","10.9","0.46","436","0.42","0","64","1.4","17.1","704","1.3","325","1.9"," "," "," "," "," "," "," "," "," "," "," "," "," "
"167","2015-04-22","1200","19.3","11.3","0.57","539","0.52","0","60","1.2","17.7","858","1.3","34","1.9"," "," "," "," "," "," "," "," "," "," "," "," "," "
"167","2015-05-08","1000","16.6","9.5","0.45","442","0.4","0","63","1.1","16","713","1.2","73","1.6"," "," "," "," "," "," "," "," "," "," "," "," "," "
"167","2015-05-08","1100","17.9","8.8","0.54","516","0.49","0","55","0.5","16.5","820","1.1","68","1.6"," "," "," "," "," "," "," "," "," "," "," "," "," "
"167","2015-05-08","1200","19.2","8.9","0.6","554","0.54","0","51","0.9","17","874","1.1","44","1.9"," "," "," "," "," "," "," "," "," "," "," "," "," "
"167","2015-05-24","1000","22.2","11.1","0.56","456","0.51","0","49","3","16.9","730","1.3","290","3.2"," "," "," "," "," "," "," "," "," "," "," "," "," "
"167","2015-05-24","1100","23.5","11.6","0.66","531","0.59","0","47","3","17.2","837","1.4","296","3.2"," "," "," "," "," "," "," "," "," "," "," "," "," "
"167","2015-05-24","1200","24.6","11.6","0.72","569","0.65","0","44","3.3","17.5","892","1.4","296","3.5"," "," "," "," "," "," "," "," "," "," "," "," "," "
"167","2015-06-25","1000",,,"0.62","456","0.62","0",,"2.4","23.5","729","1.3","8","2.6","S","S","A","T","T"," ","S"," "," "," ","Q"," "," "
"167","2015-06-25","1100",,,"0.72","529","0.72","0",,"2.3","24","833","1.5","2","2.5","S","S","A","T","T"," ","S"," "," "," ","Q"," "," "
"167","2015-06-25","1200",,,"0.8","569","0.8","0",,"2.5","24.5","890","1.5","354","2.7","S","S","A","T","T"," ","S"," ","Y"," ","Q"," "," "
"167","2015-07-11","1000","23.8","12.5","0.54","444","0.5","0","49","1.7","23.2","711","1.4","312","2.2"," "," "," "," "," "," "," "," "," "," "," "," "," "
"167","2015-07-11","1100","25.5","12.8","0.68","518","0.62","0","45","3.3","23.7","817","1.5","288","3.6"," "," "," "," "," "," "," "," "," "," "," "," "," "
"167","2015-07-11","1200","27","12.3","0.75","555","0.69","0","40","3.5","24.2","871","1.4","319","3.8"," "," "," "," "," "," "," "," "," "," "," "," "," "
"167","2015-07-27","1000","26.6","10","0.62","437","0.59","0","35","3.4","24.3","711","1.2","319","3.6"," "," "," "," "," "," "," "," "," "," "," "," "," "
"167","2015-07-27","1100","28.5","9.5","0.72","516","0.69","0","31","2.9","24.9","827","1.2","307","3.2"," "," "," "," "," "," "," "," "," "," "," "," "," "
"167","2015-07-27","1200","30.6","9.4","0.8","560","0.77","0","27","2.9","25.5","892","1.2","315","3.2"," "," "," "," "," "," "," "," "," "," "," "," "," "
"167","2015-08-12","1000","26.7","8.4","0.55","409","0.54","0","32","1.3","23.6","677","1.1","287","2.3"," "," "," "," "," "," "," "," "," "," "," "," "," "
"167","2015-08-12","1100","28.1","7.8","0.7","490","0.68","0","28","3.1","24.4","795","1.1","331","3.5"," "," "," "," "," "," "," "," ","Y"," "," "," "," "
"167","2015-08-12","1200","28.6","10.1","0.74","536","0.7","0","32","2.5","25","857","1.2","353","3"," "," "," "," "," "," "," "," ","Y"," "," "," "," "
"167","2015-09-29","1000","19.2","11.9","0.26","225","0.27","0","63","1.1","22","421","1.4","130","1.5"," "," "," "," "," "," "," "," ","Y"," "," "," "," "
"167","2015-09-29","1100","22.1","11.2","0.39","333","0.4","0","50","1","22.5","582","1.3","58","1.4"," "," "," "," "," "," "," "," ","Y"," "," "," "," "
"167","2015-09-29","1200","24.6","9.8","0.41","296","0.43","0","39","1.4","23.1","529","1.2","19","2.4"," "," "," "," "," "," "," "," ","Y"," "," "," "," "
"140","2014-10-12","1000","24.6","3.5","0.58","288","0.59","0","25","6.8","19.7","552","0.8","350","6.9","Y","Y","Y"," "," "," ","Y"," "," "," "," "," "," "
"140","2014-10-12","1100","26.9","2.6","0.69","354","0.71","0","21","6.8","19.6","670","0.7","346","6.9","Y","Y","Y"," "," "," ","Y"," "," "," "," "," "," "
"140","2014-10-12","1200","28.5","1.2","0.79","378","0.83","0","17","7.8","19.6","735","0.7","352","7.9"," "," "," "," "," "," "," "," "," "," "," "," "," "
"140","2014-10-28","1000","17.2","7.5","0.28","235","0.29","0","53","2.4","16.9","467","1","351","2.5"," "," "," "," "," "," "," "," "," "," "," "," "," "
"140","2014-10-28","1100","18.8","7","0.37","305","0.37","0","46","2.3","16.8","574","1","339","2.5"," "," "," "," "," "," "," "," "," "," "," "," "," "
"140","2014-10-28","1200","20.5","7.4","0.42","339","0.42","0","43","2.2","16.8","624","1","317","2.4"," "," "," "," "," "," "," "," "," "," "," "," "," "
"140","2014-12-31","1000","6.2","-8.8","0.24","124","0.22","0","33","7.7","10.3","319","0.3","345","7.8"," "," "," "," "," "," "," "," "," "," "," "," "," "
"140","2014-12-31","1100","7.8","-8.3","0.31","183","0.28","0","31","7.9","10.2","439","0.3","349","8"," "," "," "," "," "," "," "," "," "," "," "," "," "
"140","2014-12-31","1200","9.4","-7.9","0.35","217","0.32","0","29","7.4","10.2","507","0.3","351","7.5"," "," "," "," "," "," "," "," "," "," "," "," "," "
"140","2015-03-05","1000","11.5","6.2","0.23","250","0.22","0","70","1.7","11.9","467","1","342","1.8"," "," "," "," "," "," "," "," "," "," "," "," "," "
"140","2015-03-05","1100","14.2","6.9","0.35","351","0.34","0","62","1.7","11.8","653","1","2","2"," "," "," "," "," "," "," "," "," "," "," "," "," "
"140","2015-03-05","1200","16.1","7.6","0.43","412","0.42","0","57","1.8","11.8","749","1","1","2.1"," "," "," "," "," "," "," "," "," "," "," "," "," "
"140","2015-03-21","1000","17.4","12.8","0.36","328","0.31","0","74","4","14.6","572","1.5","273","4.2"," "," "," "," "," "," "," "," "," "," "," "," "," "
"140","2015-03-21","1100","18.8","13.1","0.47","424","0.41","0","69","4","14.6","717","1.5","272","4.1"," "," "," "," "," "," "," "," "," "," "," "," "," "
"140","2015-03-21","1200","20.4","13","0.54","472","0.48","0","62","3","14.6","782","1.5","270","3.2"," "," "," "," "," "," "," "," "," "," "," "," "," "
"140","2015-04-22","1000","15.4","10.6","0.39","392","0.34","0","73","1.6","15.6","644","1.3","248","2.2"," "," "," "," "," "," "," "," "," "," "," "," "," "
"140","2015-04-22","1100","17.2","11.1","0.52","512","0.47","0","67","1.6","15.6","831","1.3","240","2"," "," "," "," "," "," "," "," "," "," "," "," "," "
"140","2015-04-22","1200","18.9","11.4","0.59","553","0.53","0","62","1.7","15.6","897","1.3","221","2.2"," "," "," "," "," "," "," "," "," "," "," "," "," "
"140","2015-05-08","1000","15.8","9.3","0.47","460","0.4","0","65","2.5","16.5","747","1.2","146","2.7"," "," "," "," "," "," "," "," "," "," "," "," "," "
"140","2015-05-08","1100","17.1","8.5","0.56","537","0.49","0","57","1.9","16.4","862","1.1","144","2.1"," "," "," "," "," "," "," "," "," "," "," "," "," "
"140","2015-05-08","1200","18.2","9","0.6","576","0.54","0","55","1.4","16.4","919","1.1","123","1.9"," "," "," "," "," "," "," "," "," "," "," "," "," "
"140","2015-05-24","1000","19.4","11.6","0.57","483","0.47","0","61","4.8","17.9","782","1.4","255","5"," "," "," "," "," "," "," "," "," "," "," "," "," "
"140","2015-05-24","1100","21.2","11.7","0.66","543","0.58","0","55","4.5","17.9","897","1.4","253","4.6"," "," "," "," "," "," "," "," "," "," "," "," "," "
"140","2015-05-24","1200","22.9","12.2","0.72","587","0.65","0","51","3.7","17.9","958","1.4","253","3.9"," "," "," "," "," "," "," "," "," "," "," "," "," "
"140","2015-06-25","1000","27.9","14.2","0.63","482","0.6","0","43","2.1","21.1","778","1.6","290","2.4"," "," "," "," "," "," "," "," "," "," "," "," "," "
"140","2015-06-25","1100","30.6","14.8","0.74","552","0.72","0","38","2","21","891","1.7","300","2.3"," "," "," "," "," "," "," "," "," "," "," "," "," "
"140","2015-06-25","1200","33.2","15.7","0.8","597","0.8","0","35","1.6","21.1","972","1.8","18","1.8"," "," "," "," "," "," "," "," "," "," "," "," "," "
"140","2015-07-11","1000","21.2","13.5","0.58","472","0.49","0","61","4.7","20.7","761","1.5","252","4.9"," "," "," "," "," "," "," "," "," "," "," "," "," "
"140","2015-07-11","1100","22.4","13.8","0.67","548","0.57","0","58","4.7","20.7","879","1.6","247","4.8"," "," "," "," "," "," "," "," "," "," "," "," "," "
"140","2015-07-11","1200","23.9","14","0.73","589","0.64","0","54","4.2","20.8","938","1.6","254","4.3"," "," "," "," "," "," "," "," "," "," "," "," "," "
"140","2015-07-27","1000","25.6","13.6","0.59","457","0.56","0","47","3","22.1","756","1.6","357","3.1"," "," "," "," "," "," "," "," "," "," "," "," "," "
"140","2015-07-27","1100","27.3","13.5","0.72","528","0.69","0","43","3.6","22.1","879","1.5","352","3.7"," "," "," "," "," "," "," "," "," "," "," "," "," "
"140","2015-07-27","1200","29.4","14.4","0.79","588","0.77","0","40","2.9","22.1","961","1.6","350","3.1"," "," "," "," "," "," "," "," "," "," "," "," "," "
"140","2015-08-12","1000","22.5","12.9","0.56","434","0.5","0","55","4.3","21.9","717","1.5","266","4.4"," "," "," "," "," "," "," "," "," "," "," "," "," "
"140","2015-08-12","1100","24.2","12.9","0.68","513","0.61","0","49","4.5","21.8","842","1.5","274","4.7"," "," "," "," "," "," "," "," "," "," "," "," "," "
"140","2015-08-12","1200","25.7","12.8","0.74","551","0.69","0","45","4.5","21.9","915","1.5","280","4.7"," "," "," "," "," "," "," "," "," "," "," "," "," "
"140","2015-09-29","1000","17.8","11.2","0.35","271","0.31","0","65","5.9","20.1","492","1.3","258","6.1"," "," "," "," "," "," "," "," "," "," "," "," "," "
"140","2015-09-29","1100","18.8","11.2","0.32","240","0.32","0","62","4.8","20.1","446","1.3","262","4.9"," "," "," "," "," "," "," "," "," "," "," "," "," "
"140","2015-09-29","1200","20.9","11.1","0.51","403","0.46","0","53","4","20","685","1.3","259","4.1"," "," "," "," "," "," "," "," "," "," "," "," "," "
"139","2014-10-12","1000","26.3","-5.2",,,,"0","12","2.6","20.6","541","0.4","3","3.2"," "," ","N","N","N"," "," "," ","Y"," "," "," "," "
"139","2014-10-12","1100","27.8","-5.5",,,,"0","11","2.7","20.5","647","0.4","353","3.2"," "," ","N","N","N"," "," "," ","Y"," "," "," "," "
"139","2014-10-12","1200","29.4","-6.9",,,,"0","9","2.6","20.5","703","0.4","1","3.1"," "," ","N","N","N"," "," "," ","Y"," "," "," "," "
"139","2014-10-28","1000","17.7","3.6",,,,"0","39","0.9","17.4","445","0.8","24","1.2"," "," ","N","N","N"," "," "," "," "," "," "," "," "
"139","2014-10-28","1100","19.2","3.7",,,,"0","36","0.6","17.3","547","0.8","64","1.1"," "," ","N","N","N"," "," "," "," "," "," "," "," "
"139","2014-10-28","1200","21","4",,,,"0","33","0.4","17.3","598","0.8","32","1.1"," "," ","N","N","N"," "," "," "," "," "," "," "," "
"139","2014-12-31","1000","8.1","-15.9",,,,"0","16","2.7","8.9","164","0.2","355","3.2"," "," ","N","N","N"," "," "," "," "," "," "," "," "
"139","2014-12-31","1100","9.9","-16.2",,,,"0","14","3.2","8.9","317","0.2","357","3.6"," "," ","N","N","N"," "," "," "," "," "," "," "," "
"139","2014-12-31","1200","11.4","-16.6",,,,"0","12","3.6","8.9","420","0.2","357","4"," "," ","N","N","N"," "," "," "," "," "," "," "," "
"139","2015-03-05","1000","13.6","2.5",,,,"0","47","1.8","11.6","480","0.7","359","2.1"," "," ","N","N","N"," "," "," "," "," "," "," "," "
"139","2015-03-05","1100","15.8","3.5",,,,"0","44","1.6","11.5","613","0.8","10","2"," "," ","N","N","N"," "," "," "," "," "," "," "," "
"139","2015-03-05","1200","17.3","3.1",,,,"0","39","1.2","11.5","695","0.8","18","1.7"," "," ","N","N","N"," "," "," "," "," "," "," "," "
"139","2015-03-21","1000","19","9.2",,,,"0","53","0.6","15.2","523","1.2","40","1.1"," "," ","N","N","N"," "," "," "," "," "," "," "," "
"139","2015-03-21","1100","20.2","8.9",,,,"0","48","0.7","15.1","638","1.1","16","1.4"," "," ","N","N","N"," "," "," "," "," "," "," "," "
"139","2015-03-21","1200","21.3","9",,,,"0","45","0.9","15.1","736","1.1","36","1.4"," "," ","N","N","N"," "," "," "," "," "," "," "," "
"139","2015-04-22","1000","17.4","10.4",,,,"0","64","0.7","17.2","679","1.3","87","1.3"," "," ","N","N","N"," "," "," "," "," "," "," "," "
"139","2015-04-22","1100","19.1","10.5",,,,"0","57","0.4","17.2","789","1.3","122","1.3"," "," ","N","N","N"," "," "," "," "," "," "," "," "
"139","2015-04-22","1200","20.5","10.8",,,,"0","54","0.3","17.2","851","1.3","220","1.3"," "," ","N","N","N"," "," "," "," "," "," "," "," "
"139","2015-05-08","1000","17","7.4",,,,"0","53","0.7","17.9","723","1","138","1.2"," "," ","N","N","N"," "," "," "," "," "," "," "," "
"139","2015-05-08","1100","18.3","6.8",,,,"0","47","0.9","17.9","836","1","168","1.4"," "," ","N","N","N"," "," "," "," "," "," "," "," "
"139","2015-05-08","1200","20","7",,,,"0","43","1.1","17.9","897","1","168","1.5"," "," ","N","N","N"," "," "," "," "," "," "," "," "
"139","2015-05-24","1000","23","11.9",,,,"0","50","0.5","19.5","737","1.4","125","1.1"," "," ","N","N","N"," "," "," "," "," "," "," "," "
"139","2015-05-24","1100","24.1","11.9",,,,"0","46","1","19.4","846","1.4","147","1.4"," "," ","N","N","N"," "," "," "," "," "," "," "," "
"139","2015-05-24","1200","25","11.2",,,,"0","42","1.6","19.5","907","1.3","159","1.8"," "," ","N","N","N"," "," "," "," "," "," "," "," "
"139","2015-06-25","1000","29.6","13.9",,,,"0","38","0.4","22.9","725","1.6","113","0.8"," "," ","N","N","N"," "," "," "," "," "," "," "," "
"139","2015-06-25","1100","31.5","14",,,,"0","35","0.5","22.9","831","1.6","107","0.8"," "," ","N","N","N"," "," "," "," "," "," "," "," "
"139","2015-06-25","1200","33.3","12.9",,,,"0","29","0.6","22.9","898","1.5","129","0.9"," "," ","N","N","N"," "," "," "," "," "," "," "," "
"139","2015-07-11","1000","23.4","14.2",,,,"0","56","0.6","21.6","688","1.6","253","1.3"," "," ","N","N","N"," "," "," "," "," "," "," "," "
"139","2015-07-11","1100","24.8","13.8",,,,"0","50","0.7","21.6","805","1.6","12","1.3"," "," ","N","N","N"," "," "," "," "," "," "," "," "
"139","2015-07-11","1200","26.3","13.6",,,,"0","45","0.6","21.7","878","1.6","37","1.4"," "," ","N","N","N"," "," "," "," "," "," "," "," "
"139","2015-07-27","1000","27.2","7.1",,,,"0","28","2.3","23","680","1","12","3"," "," ","N","N","N"," "," "," "," "," "," "," "," "
"139","2015-07-27","1100","28.8","6.9",,,,"0","25","2","22.9","804","1","16","2.8"," "," ","N","N","N"," "," "," "," "," "," "," "," "
"139","2015-07-27","1200","30","5.8",,,,"0","22","2","22.9","881","0.9","18","2.7"," "," ","N","N","N"," "," "," "," "," "," "," "," "
"139","2015-08-12","1000","25.3","9.1",,,,"0","36","0.6","22.2","642","1.2","60","1.2"," "," ","N","N","N"," "," "," "," "," "," "," "," "
"139","2015-08-12","1100","26.5","9.8",,,,"0","35","0.2","22.1","764","1.2","95","1.2"," "," ","N","N","N"," "," "," "," "," "," "," "," "
"139","2015-08-12","1200","27.6","9.5",,,,"0","32","0.7","22","844","1.2","78","1.2"," "," ","N","N","N"," "," "," "," "," "," "," "," "
"139","2015-09-29","1000","19.4","4.9",,,,"0","39","0.7","19.9","552","0.9","205","1.1"," "," ","N","N","N"," "," "," "," "," "," "," "," "
"139","2015-09-29","1100","22.2","4.9",,,,"0","32","0.4","19.9","693","0.9","191","1.1"," "," ","N","N","N"," "," "," "," "," "," "," "," "
"139","2015-09-29","1200","24.7","4.4",,,,"0","27","0.4","19.9","756","0.8","142","1.1"," "," ","N","N","N"," "," "," "," "," "," "," "," "
